States;States.num;Years;q.livestock;q.crop;q.other;q.capital;q.land;q.labor;q.materials;p.livestock;p.crop;p.other;p.capital;p.land;p.labor;p.materials
AL;1;1995;2337714.22;739062.5247;283102.5789;354651.1749;332805.3128;893392.5409;1934096.232;0.912135312;1.017826035;0.944493088;1.000204078;0.91993;0.608891426;0.967858208
AR;2;1995;3193048.782;2371826.448;429704.6651;537686.2168;538132.8312;1515417.206;2941084.824;0.935359696;1.031524209;0.867869627;1.008362507;0.827272007;0.55608709;1.086090585
AZ;3;1995;803493.8362;1084022.241;210521.4482;128892.7635;796365.7732;846322.2759;862865.4082;0.99374347;1.353221092;0.959067695;1.013119943;0.49211508;0.604570467;1.24204967
CA;4;1995;6621218.304;15243448.07;1713674.853;1093105.677;1734164.247;6459541.814;8005179.97;0.810913951;1.167812174;1.147988616;1.038278876;1.214362797;0.771256687;1.390202616
CO;5;1995;2317063.307;1638410.83;341232.9319;447202.5812;799891.3787;940434.6957;2448274.43;1.130360319;1.078416998;1.022097487;1.026291868;0.685436188;1.096748192;1.32957012
CT;6;1995;257822.8235;212440.7871;22699.62414;62009.99284;34530.32923;278280.4579;156044.6691;0.876499506;1.177454142;1.112221059;1.018623192;1.748667478;0.572117587;1.422433023
DE;7;1995;595118.227;163170.6468;49913.15351;46200.41791;31556.23624;101277.0486;457853.531;0.873194279;1.059149174;1.202052697;1.018735801;1.168206623;0.894169681;1.244038343
FL;8;1995;1340807.196;4654538.464;475003.0894;353405.334;526896.9978;1820530.326;1942704.892;0.91085049;1.050454595;1.103113691;1.018240446;1.418044192;0.706955423;1.231094453
GA;9;1995;3177764.28;2150012.241;386061.0221;431810.1707;388397.6485;1065533.164;2342567.318;0.873279404;1.137540204;1.006610621;1.005518639;1.000332346;0.55254032;1.220104311
IA;10;1995;5654902.588;7239811.89;293778.6441;1927035.758;1119124.311;4023580.63;5572624.66;0.887866837;1.01095256;1.055103069;0.989791731;1.321490734;0.454548696;1.212987225
ID;11;1995;1333807.723;2167236.609;227394.0113;375420.1556;420390.4701;1029450.057;1531959.865;0.937578018;1.054242865;0.984311262;1.013210915;0.793703351;0.684301382;1.266050947
IL;12;1995;2039326.345;6616138.926;242712.0289;1611016.76;1179987.456;2656042.446;3644392.274;0.91068506;1.009930043;1.187096724;0.993368606;1.43020679;0.675785741;1.294583577
IN;13;1995;2110480.26;3499987.264;161458.5957;963201.0591;634853.2042;1765403.976;2629275.687;0.808690076;0.981328457;1.158851195;0.999785541;1.252137542;0.931271749;1.227393403
KS;14;1995;4096860.183;3232370.425;660402.7581;1033906.166;1525133.505;2405620.569;4503790.61;1.131152248;1.113784629;0.947698539;0.979581706;0.528064338;0.741191402;1.298411229
KY;15;1995;1750426.141;1924612.128;173147.781;678187.4363;539119.5122;1674867.209;1611524.904;0.957080832;0.987916767;1.069730246;1.00413727;0.873535421;0.734051092;1.136381223
LA;16;1995;749460.8495;1209562.045;130484.1647;328961.117;263980.9597;796426.1321;1088347.867;0.900675231;1.045153627;0.916216759;1.011694118;1.019212632;0.598155537;1.002285972
MA;17;1995;115854.401;255540.2785;22903.02411;68307.46304;31987.62614;243645.7779;137962.695;0.882635504;1.294835137;1.238833128;1.016321722;2.056474854;0.764091958;1.469586843
MD;18;1995;973197.3937;537446.62;94401.93651;204419.5417;146225.7898;497702.8051;818282.8577;0.852641022;1.072467394;1.196634279;1.024427652;1.252176069;0.835166219;1.299655155
ME;19;1995;315578.1692;220359.9226;26537.31009;82720.7275;36432.77206;273775.0603;229206.3262;0.843306488;1.085922264;1.138102673;1.006888148;1.145768492;0.706529715;1.312690175
MI;20;1995;1564451.96;3174799.587;142675.523;775820.7825;482473.5085;2013463.306;2239096.046;0.844937285;0.925047738;1.16283696;1.014259439;0.764030783;0.565178832;1.163411471
MN;21;1995;4186491.025;5530321.89;422633.357;1568677.174;974032.6411;3300285.765;5109639.045;0.850459938;0.95370393;1.109658824;1.000057952;0.784391778;0.792520392;1.155838742
MO;22;1995;2564047.314;2491276.52;311587.6423;924439.3283;970386.2238;2851598.187;2858614.6;0.906307276;1.0018306;1.023287499;1.016515331;0.802755642;0.492229688;1.143827249
MS;23;1995;1949773.359;1495970.185;344268.1772;418195.4519;406958.8506;922314.3648;2005926.797;0.877820612;1.004980572;0.824918133;0.997930888;0.720129185;0.499183468;0.997346166
MT;24;1995;750506.7792;1502179.954;258769.3431;425632.2787;1522614.87;830073.1261;1032216.286;1.116176738;1.006280922;0.91404693;1.016061949;0.333921487;0.647667186;1.191428122
NC;25;1995;4515566.069;3020624.502;353643.339;574960.6021;347684.6425;1814501.212;2852392.717;0.852234797;1.009412574;0.996885799;0.992526368;1.412348782;0.593357107;1.215141374
ND;26;1995;597862.2342;2879027.009;401656.6198;729221.6772;1235335.622;1235643.62;1781231.122;0.973347381;0.984811674;0.764639294;1.008843674;0.396717494;0.861976752;0.988085885
NE;27;1995;4917606.065;4415299.595;545006.1347;1062075.549;1518604.3;2397225.699;5373774.067;1.083639769;1.011397466;0.950610134;1.008518692;0.577300359;0.782376061;1.159896003
NH;28;1995;68041.9162;70894.39821;7950.921022;32159.41727;19959.58905;135493.8047;59438.6811;0.881387685;1.194147081;1.08503153;1.018798788;1.364557145;0.578027765;1.456930314
NJ;29;1995;243412.8045;589104.6291;28660.55661;101779.3044;131444.6354;451756.4734;263887.3045;0.836805761;1.058847101;1.184046501;1.025248343;1.250156435;0.666489648;1.394309077
NM;30;1995;1152680.726;447530.6882;105768.1359;152255.5907;1278508.353;505600.1689;737981.545;0.930578446;1.265752484;0.994414444;1.045077441;0.268793118;0.973812678;1.327012463
NV;31;1995;176099.5575;178533.6407;19760.68878;52229.71332;150735.5728;122813.6589;173251.2375;0.975943684;1.164190003;1.075270211;1.007342957;0.461960474;0.799228159;1.348994795
NY;32;1995;2395389.599;1512906.379;137347.9469;628976.4111;290704.6669;1917724.552;1616294.878;0.792079501;0.967434813;1.115470343;1.02578092;0.753346776;0.668794336;1.261498116
OH;33;1995;1970554.924;3430708.373;150571.9323;989315.7191;677531.2615;2782729.036;2307427.096;0.832233654;0.976504895;1.175174935;1.006006189;1.02207913;0.590261029;1.243547146
OK;34;1995;2295273.391;1159070.276;303083.9481;601706.0909;1108898.408;2020607.759;2286358.927;1.101268478;1.088509911;0.887556191;1.030644954;0.518358755;0.651115728;1.196860069
OR;35;1995;742582.1346;2100410.986;175301.9202;372156.8689;481530.0269;1736076.988;1161467.734;0.926020952;1.06228171;1.122927882;1.014936214;0.860985822;0.66186603;1.370966071
PA;36;1995;2931874.786;1750626.477;180817.9927;732428.316;422266.4955;2297392.537;2104973.31;0.888530056;1.039484226;1.248303317;1.034394564;0.99663783;0.854116717;1.398491705
RI;37;1995;11133.9141;30915.55602;1901.30681;8154.303284;4576.530736;25221.3006;14423.16306;0.851141442;1.28053488;1.465833913;1.009616301;1.893680712;0.983449118;1.663039021
SC;38;1995;722973.205;857057.1219;91433.17618;213893.9612;186509.0362;533749.9216;747824.8638;0.875105523;1.022325572;1.032434711;0.998318735;0.932018195;0.396777176;1.123311527
SD;39;1995;1569077.905;2421140.437;295057.474;627292.2804;1276218.605;1496372.994;2068530.476;1.068229557;0.947465664;0.8807028;1.016061499;0.343527381;0.839370936;1.074790987
TN;40;1995;1055518.549;1622524.292;181819.0066;528289.3515;431060.7085;1537919.778;1323645.703;0.92610845;0.911372052;0.896729413;1.001678716;1.188477044;0.520187262;0.976463219
TX;41;1995;7941663.778;4355237.382;1295460.075;1755373.345;4599924.782;4830025.783;7296258.731;1.059617573;1.156687916;0.920621478;1.041322992;0.512035728;0.798781754;1.204417804
UT;42;1995;636857.5467;385923.0181;61781.09745;154644.9208;306198.3355;434893.3746;505536.1509;0.925972423;1.009555472;0.985706832;1.020545065;0.622180377;0.853980449;1.183838671
VA;43;1995;1563284.383;1102923.506;160452.7748;427115.9838;350874.0233;1287661.135;1163832.045;0.91694003;1.01170707;1.048413491;1.01126845;1.226887166;0.472041527;1.225347027
VT;44;1995;478848.6128;125197.3099;40060.32624;91517.93308;44980.76083;348258.5385;265425.6661;0.8101331;1.060535445;0.921831345;1.03608389;1.174242345;0.462862643;1.232445386
WA;45;1995;1638966.872;3693493.836;245593.5745;463159.3732;400721.7111;1728384.371;2061849.191;0.952146594;1.033097702;1.194764756;1.021768743;1.293611082;0.736206769;1.341016108
WI;46;1995;4605199.702;2693669.704;260864.0077;1366883.411;619918.4411;3669825.924;3519611.821;0.841763885;0.968465938;1.123723249;1.02483343;0.586225718;0.862616988;1.115845119
WV;47;1995;351839.9183;155099.7218;39128.15263;115877.7948;131176.0966;446203.4622;298721.7181;0.899842826;0.948165026;0.993064076;0.989248387;0.727752216;0.531780331;1.116004696
WY;48;1995;524732.8981;354845.8835;82967.23301;152664.7304;890279.2902;426065.7028;509825.7513;1.1383437;1.036878113;0.853214683;1.033939814;0.231335799;0.721678136;1.19096436
AL;1;1996;2279777.691;843025.4907;262487.5898;353958.948;340968.0693;752759;1989020.418;1;1;1;1;1;1;1
AR;2;1996;3390725.865;2748714.57;421751.6695;526468.3031;542609.7708;1360569.995;2893783.89;0.973138373;1.076065154;1.012773654;1.018082438;0.884319455;0.634746439;1.22384418
AZ;3;1996;801329.606;1238620.257;181529.7111;127366.7872;763171.62;751252.979;836857.5546;1.018387526;1.157078177;1.06429586;1.018898444;0.495459431;0.731850675;1.301723569
CA;4;1996;6750365.027;16003488.95;1616768.569;1087936.876;1739433.045;6785586.829;7689089.889;0.90760621;1.128131733;1.22930021;1.049086202;1.240056773;0.849105602;1.442971095
CO;5;1996;2475803.376;1673184.443;335614.4644;449193.4525;786554.6627;1058868.508;2480338.566;1.110642184;1.10965681;0.999813569;1.015121261;0.747321916;0.68425152;1.332264152
CT;6;1996;214716.0076;226648.6;17713.73292;59833.88362;35373.60585;240880.5425;140677.3013;0.979561757;1.23672093;1.196755088;1.038112661;1.758391382;0.669592891;1.52496339
DE;7;1996;601199.2541;199970.6993;37817.64841;45478.59998;31416.13903;85887.53662;446386.9683;0.951778289;1.143238032;1.437477622;1.044471815;1.223201774;1.330259897;1.397973638
FL;8;1996;1341272.99;4653300.425;526923.1542;355301.583;523850.1575;1691103.982;1897938.285;0.966341553;1.108934577;1.188039886;1.008128775;1.459133388;0.868770782;1.313644061
GA;9;1996;3355471.7;2230604.694;380408.6037;427899.4855;395966.2778;1065619.8;2456035.23;0.95629984;1.132340659;1.101299408;1.014096377;1.082036956;0.542503996;1.310092848
IA;10;1996;5081023.714;8210158.178;286606.1084;1842725.769;1124454.965;3348909.373;5242447.051;1.040481313;1.111846246;1.174007173;1.030238922;1.405930947;0.771467577;1.320296984
ID;11;1996;1389530.273;2188803.59;195218.5239;375550.8224;410644.672;956968.7924;1538852.466;0.955361054;1.095738831;1.014933029;1.023058899;0.861821742;0.704411685;1.310180367
IL;12;1996;1856194.31;7601944.945;250193.8743;1501972.359;1182999.907;2316145.59;3670952.467;1.066993452;1.09517687;1.295822647;1.037269013;1.5208009;0.82979585;1.328029555
IN;13;1996;1969133.378;3712348.047;165231.9785;911088.729;633281.9416;1681811.079;2434953.999;0.960081769;1.101861525;1.235071955;1.040073577;1.364638325;0.738459875;1.346290051
KS;14;1996;4147701.477;4059078.627;587041.5558;994170.744;1524759.969;2186062.282;4374601.713;1.110703046;1.097306811;0.992061642;0.972475233;0.552651817;0.670336802;1.309530472
KY;15;1996;1755532.884;2173257.742;142994.6685;676103.6556;540195.692;1642005.958;1505767.436;0.957551234;1.094075046;1.137950075;1.017839468;0.930025149;0.826261923;1.229748151
LA;16;1996;709942.1165;1444588.627;154240.9054;319478.5493;264870.9337;666987.3369;1099362.715;0.964463199;1.049835558;1.002812866;1.020995326;1.074518077;0.70720683;1.061545411
MA;17;1996;108683.7545;275321.3357;18568.86112;66549.69717;32716.50332;208484.3848;130257.2642;0.994791137;1.463045041;1.334499449;1.03757347;2.085399343;0.899033807;1.562987326
MD;18;1996;963411.2899;648503.8677;71272.33742;197277.37;145446.5925;453115.9407;757272.9293;0.939322006;1.162417765;1.33543218;1.047335301;1.286579197;0.847626326;1.420375318
ME;19;1996;300131.7265;230399.5142;24188.03446;80382.99063;36822.18691;231768.6758;214109.9793;0.931740038;1.082198921;1.229400787;1.024971545;1.181679739;0.996320215;1.381481244
MI;20;1996;1491517.182;2767879.839;115962.5129;755989.1877;483856.2736;1670447.851;2061470.724;0.962890051;1.011095961;1.417344061;1.038875922;0.843543161;1.378821254;1.271315691
MN;21;1996;4059379.35;5996343.436;396850.8314;1531496.373;982859.7603;3271369.098;4855347.301;1.001035132;1.063964687;1.197844794;1.032770466;0.825050254;0.942466872;1.285513099
MO;22;1996;2571369.459;3324608.714;330366.4547;898133.4708;981098.3851;2830492.244;2838426.756;0.965489894;1.044635811;1.063820474;1.018129427;0.864693648;0.533119991;1.19719669
MS;23;1996;1962900.324;1624856.846;388972.3355;406028.148;416032.0845;978304.5981;2087152.834;0.983688505;1.024540805;0.858747965;1.008684694;0.7777109;0.518975379;1.019298192
MT;24;1996;739374.234;1361412.949;247336.879;432469.6234;1514557.402;962878.9595;1051017.511;1.04491907;1.092779921;0.942051697;1.016088301;0.357797301;0.790898994;1.21264611
NC;25;1996;4648782.919;3034808.794;319658.4724;572520.9411;351627.3433;1775272.132;2908468.458;0.974390005;1.056858656;1.1103835;1.019129905;1.509080865;0.660606889;1.340182905
ND;26;1996;564508.3585;3553409.54;359045.6578;706214.4229;1237849.747;1522274.423;1758434.228;0.942720586;0.994988294;0.776408249;1.024416824;0.410961417;0.64863929;1.040282977
NE;27;1996;4791060.441;5727093.17;461477.2191;1019634.534;1534413.525;2509744.026;5077999.361;1.126047435;1.034965589;1.011131489;1.017398551;0.602943548;0.693780315;1.185639034
NH;28;1996;69948.90107;73865.03911;6591.777409;30969.70219;20780.34229;113523.5512;54676.81545;0.992281004;1.239601714;1.109189153;1.038986112;1.397667898;0.679291367;1.545439795
NJ;29;1996;202317.1339;594996.3476;23280.2251;99114.6378;131678.5938;366916.1289;239172.6395;1.012242159;1.127484416;1.263751726;1.049927399;1.224911019;0.767537805;1.480185504
NM;30;1996;1263338.877;476476.8998;96203.40212;153657.3976;1276188.957;472736.1277;777184.996;0.937024416;1.237541647;1.048836858;1.020638121;0.268548739;0.99196565;1.370898094
NV;31;1996;188407.5478;186859.5136;17616.02203;52783.85572;129143.7355;122364.5844;175412.1755;0.925499758;1.173181954;1.07879747;0.999382937;0.509738239;0.726337612;1.356963652
NY;32;1996;2373657.152;1454126.114;101956.7399;610933.3881;293932.8017;1851874.394;1425198.842;0.885314361;1.055749743;1.208452725;1.041858335;0.771547583;0.822928923;1.409134546
OH;33;1996;1947395.201;3114418.29;133880.737;951081.6357;681730.2454;2644772.047;2070099.68;0.982814856;1.117311929;1.380450023;1.03533253;1.107260696;0.917409122;1.445517421
OK;34;1996;2310853.265;1219813.949;205341.5772;587251.0601;1121475.832;2080802.976;2072106.224;1.047107574;1.129554799;0.961572077;0.998332839;0.547537002;0.554329753;1.285381261
OR;35;1996;747698.7671;2179353.775;173764.7411;372324.2768;485589.5612;1945556.916;1109550.176;0.943344216;1.072672479;1.16623537;1.016795408;0.929077945;0.733405427;1.414522246
PA;36;1996;2921954.837;1922230.411;141111.4427;716910.0617;430960.0463;2351358.639;1955093.169;0.981132751;1.141077808;1.354160602;1.054452324;1.051117237;0.943462628;1.543822985
RI;37;1996;11330.58286;33512.3868;1360.519078;7938.519408;4833.969191;21471.2508;13504.88281;0.964000902;1.294126482;1.559698819;1.029702536;1.886549554;1.156444989;1.740262357
SC;38;1996;778882.4445;864351.9258;87044.12274;211362.4307;190332.8121;479856.2914;779895.6969;0.964170338;1.082952659;1.205767546;1.012166975;0.99282897;0.947867118;1.228684193
SD;39;1996;1470045.372;3207529.318;255618.4612;605762.7407;1273392.996;1436551.677;1930358.238;1.092562984;1.004956749;0.938126203;1.024548453;0.364946066;0.828517358;1.161275627
TN;40;1996;926297.6049;1696115.215;164173.7937;530922.135;436858.4747;1449013.707;1276315.451;0.955224209;0.97452577;0.936995752;1.001761054;1.28801483;0.60290596;1.024634171
TX;41;1996;6759440.311;4820644.135;1040670.76;1702405.939;4632590.986;5247962.082;6214516.257;1.07185827;1.151980491;1.009430086;1.014791528;0.540281652;0.648151406;1.329690785
UT;42;1996;679070.4777;378368.5849;61382.21303;156009.5916;304787.7424;477496.8076;523919.9168;0.952625912;1.013187892;0.990622879;1.007947168;0.665939244;0.790595862;1.194042498
VA;43;1996;1578968.635;1173427.59;150059.2427;425886.903;354199.8503;1214822.769;1177965.544;0.963928663;1.038269648;1.101887204;1.018189769;1.279300091;0.713191275;1.257084307
VT;44;1996;468483.4012;125546.1046;29929.69689;89254.31988;45299.25809;292499.4824;235746.4372;0.917948305;1.163478584;0.972854022;1.045702074;1.221540389;0.545065364;1.372076606
WA;45;1996;1623371.918;3631596.414;253108.362;459040.8235;401089.6323;1969182.937;1895831.118;0.989309899;1.129257871;1.20781579;1.031899035;1.399194282;0.688945133;1.427290155
WI;46;1996;4494780.976;2665462.275;248632.8665;1334318.819;624551.1707;3206295.104;3206454.369;0.946751276;1.059787809;1.177875449;1.046318981;0.643263931;0.921796311;1.220778738
WV;47;1996;345086.0964;157310.2014;38050.63211;115197.7706;133978.6647;516543.4995;293426.6718;0.9032931;0.952025611;0.986104941;0.999199912;0.769098976;0.710091213;1.097081791
WY;48;1996;555109.4;318956.6812;88127.64386;155222.0221;899462.432;488513.7845;568271.6681;1.053862806;1.064119777;0.806579996;1.012935495;0.249981953;0.396265174;1.172773542
AL;1;1997;2347068.089;837960.023;334312.3833;353420.0544;346267.8358;849217.9663;2029483.93;1.027729751;1.001259724;0.936284634;1.017579006;1.084955939;0.803594737;0.980873694
AR;2;1997;3317820.258;2586045.071;423277.514;533618.0337;545526.0632;1238707.227;2566276.451;0.997859959;1.01684705;1.12315071;1.035660072;0.953232585;0.549208197;1.371237486
AZ;3;1997;891218.4839;1271042.302;153065.2423;125759.8565;727253.1897;649054.0473;873982.0559;1.025500864;1.13762516;1.325691692;1.053436308;0.51048742;0.986459017;1.448079608
CA;4;1997;7405347.711;17770974.07;1953436.312;1091340.476;1740768.152;6304163.056;8479647.901;0.879756259;1.131474812;1.2883986;1.076750598;1.295727768;0.897062731;1.474664806
CO;5;1997;2458921.311;1872027.576;346562.9295;457383.6495;774055.8329;1083135.131;2428220.677;1.15551452;0.9977393;1.015951791;1.046351139;0.815253801;0.704607965;1.437696916
CT;6;1997;200947.5575;235767.8973;21915.90484;58543.3239;35823.92962;269460.32;161561.6374;0.871914443;1.29197183;1.259085591;1.066543624;1.839077536;0.82177147;1.468118285
DE;7;1997;603382.9715;184633.3783;53469.79815;45105.01816;31182.858;115281.938;500384.7551;0.962199842;1.050410552;1.276940701;1.064120206;1.325831756;1.25025185;1.306034341
FL;8;1997;1346572.487;4886151.564;548483.7813;356748.5514;520459.5086;1821012.536;1944620.899;1.005153765;1.083138027;1.058377309;1.023901481;1.526545758;0.753911477;1.27819897
GA;9;1997;3392656.672;2321096.97;425386.4744;425433.8337;401344.6966;1087864.797;2442953.614;0.970153815;1.089091574;1.131718675;1.03580226;1.179978191;0.631311901;1.331100668
IA;10;1997;5590361.991;8430388.984;269975.3192;1835987.039;1127744.601;3285387.585;5673577.556;1.0230933;0.973129839;1.147934753;1.045344236;1.504201631;0.753106649;1.298261333
ID;11;1997;1546284.783;2252169.484;168039.4391;378585.371;402060.0337;784064.2218;1507964.645;0.959205411;0.976177036;1.211962431;1.050881411;0.939734058;1.114801933;1.392340873
IL;12;1997;1722828.28;7772473.519;256407.0885;1490656.058;1185156.938;2549565.654;3779414.15;1.077073021;1.023708917;1.251614466;1.057395386;1.623204222;0.678275128;1.282542223
IN;13;1997;2010147.321;4034525.941;175965.2747;891450.6746;631485.8504;1585621.696;2565460.308;0.937074099;0.967454426;1.183473265;1.056283198;1.487565154;0.660183129;1.283177749
KS;14;1997;4217438.465;4967977.384;677566.1455;1010467.388;1525032.54;2001478.951;4588692.036;1.1665196;0.940815223;0.965143553;1.002235088;0.583702784;0.658002605;1.384026546
KY;15;1997;1824252.131;2027990.902;155192.7797;684301.0305;540753.1869;1770379.295;1595767.536;1.082681799;0.953966248;1.096644647;1.028182247;0.999231884;0.766357933;1.207973023
LA;16;1997;613285.6469;1313395.825;151877.9778;315553.1565;264737.1839;775379.3299;1077748.893;1.000333597;0.979576021;1.033018978;1.034510234;1.147088519;0.800464455;1.056857468
MA;17;1997;111581.3731;299981.0241;21393.81731;65366.28686;33198.77599;221712.381;141677.7225;0.939355897;1.422185223;1.523527749;1.065535194;2.207341164;1.121791219;1.558829972
MD;18;1997;989425.9108;549815.6299;96225.60113;195197.276;144432.1293;500085.9307;852957.5674;0.939405263;1.096803344;1.215954441;1.070801879;1.348273543;0.624785365;1.372220225
ME;19;1997;302132.1509;228621.4719;27942.2202;77960.87009;37152.30769;299966.9304;229165.5264;0.894432607;1.038884258;1.141408714;1.050747651;1.247175388;0.729523138;1.383216129
MI;20;1997;1451944.22;3110057.999;154503.8683;740362.6068;484082.9958;1855673.455;2182375.117;0.905201477;0.97242458;1.324385189;1.063341969;0.9444737;0.978411562;1.315074434
MN;21;1997;4073184.821;6093360.473;516310.9997;1508404.612;990654.0172;3263380.489;5535275.007;0.959413201;0.91114547;1.192671474;1.045781057;0.880772222;1.079972788;1.207626561
MO;22;1997;2603252.888;3382553.342;328320.3838;899508.8891;988949.8608;2654843.231;3003655.117;1.043254648;0.960431932;1.083549956;1.034585801;0.944056504;0.702065716;1.182621397
MS;23;1997;1994930.388;1615287.633;460457.9498;405457.5279;422713.8508;1052785.973;2196224.812;0.976027565;0.94757908;0.809246099;1.024768678;0.846325945;0.515653937;0.968680243
MT;24;1997;747160.5467;1476905.827;225474.5551;435732.3186;1509718.535;1116772.189;1143623.03;1.220714865;0.96024571;0.982605364;1.037994302;0.386958734;0.891264076;1.300624655
NC;25;1997;4705919.099;3304669.971;392804.3902;573454.8796;354060.7825;1860654.227;3318600.588;0.990205198;0.98877083;1.043267643;1.052700457;1.637546046;0.626585634;1.277803256
ND;26;1997;509528.4521;3018975.426;356572.3445;710528.4144;1239423.039;1225577.933;1808086.107;1.079153912;0.897734624;0.831457489;1.036464596;0.42733436;1.376412572;1.062263962
NE;27;1997;4909094.571;5506435.891;531502.2637;1051454.869;1547640.074;2497078.633;5417250.97;1.145811927;0.891751103;0.99768692;1.039467148;0.635733317;0.828373696;1.239018977
NH;28;1997;71747.10557;77256.61171;6643.779711;30095.43125;21382.89903;137000.9134;62764.19663;0.94760331;1.257972293;1.25952668;1.065928766;1.462042388;0.967896792;1.530016488
NJ;29;1997;207236.4688;591274.7386;28245.73589;98386.97472;131275.9651;451615.5399;261704.8862;0.849300518;1.129113264;1.285648248;1.075628247;1.243457477;0.794324874;1.459818788
NM;30;1997;1384662.179;517732.7769;91717.13418;156070.7198;1273117.258;686637.6878;836349.307;1.040977607;1.230852179;1.099293372;1.0440603;0.272778027;1.163873297;1.434310713
NV;31;1997;181453.2557;190535.8479;15486.59013;54272.32757;110325.0497;98455.59259;185793.9256;1.010904378;1.177517759;1.248313531;1.031013437;0.546399946;0.958693014;1.454717447
NY;32;1997;2210073.955;1544734.428;129595.8314;599767.6681;296519.3699;1777163.547;1650180.69;0.809639465;0.978720062;1.202877828;1.070028658;0.808248104;0.826771727;1.299509563
OH;33;1997;1951293.284;3913380.009;130887.3786;931239.9509;685182.7947;2645128.485;2077607.856;0.926889277;1.063364867;1.447356993;1.060249039;1.208225138;0.9474084;1.484104419
OK;34;1997;2518131.723;1534710.821;308462.1071;584656.0935;1130246.588;2086752.504;2393779.384;1.213489085;0.984247079;0.898727784;1.030251651;0.581671862;0.49130246;1.281134751
OR;35;1997;821353.5464;2396202.608;188394.4988;373188.269;487944.3826;1642203.557;1218444.465;1.033773859;1.04872458;1.215430274;1.039447947;1.003671231;0.771395828;1.455215758
PA;36;1997;2958344.908;1843073.083;177033.5718;715698.6957;437312.4479;2822537.875;2140379.002;0.938506901;1.176028206;1.345097791;1.084681297;1.127876594;0.857796221;1.581965899
RI;37;1997;10146.32161;33751.41872;1355.446229;7751.442118;5032.971035;25260.99192;13231.99994;0.889125867;1.325073716;1.693907106;1.056788814;1.956265892;1.384529594;1.688197328
SC;38;1997;818176.1982;926085.5458;111420.8897;209682.995;193096.6244;659043.8555;816450.9609;0.95986999;1.022433225;1.063548995;1.033415043;1.074642008;0.601990407;1.184863349
SD;39;1997;1485307.107;3094632.572;253128.811;620451.0816;1271421.287;1418938.286;2082109.375;1.170623512;0.918375768;0.958361789;1.059910884;0.391445254;0.871683112;1.220419128
TN;40;1997;917516.7169;1609077.296;179360.6775;536362.528;441212.1105;1480351.441;1327039.306;1.062217834;0.942130263;0.902002462;1.016532625;1.402852434;0.485388158;1.035975688
TX;41;1997;7400945.368;5311512.691;1319485.637;1662244.735;4653847.227;4841665.039;6872290.989;1.131799657;1.003294182;0.950248294;1.035634015;0.57763002;0.733124093;1.270091494
UT;42;1997;716901.8104;400162.5652;55293.08948;158417.875;301851.854;430128.7378;515472.2077;0.978255969;1.088334351;1.032762109;1.037769138;0.718158177;0.766798926;1.305798509
VA;43;1997;1530604.449;1066757.082;161854.7729;432240.9186;356443.8035;1089686.634;1328057.009;0.974490547;1.001973812;1.055776475;1.038017299;1.359275179;0.669829235;1.219764812
VT;44;1997;484045.9994;134356.808;37968.86037;87340.94554;45466.37824;361376.9329;269104.5983;0.874373971;1.180641156;1.02307117;1.074719265;1.290333947;0.606092312;1.368460035
WA;45;1997;1598842.88;3868507.573;264313.1952;464414.0662;400932.9094;1866568.089;2020500.826;1.026377505;0.97379931;1.296559707;1.047667385;1.508457222;0.795524945;1.420964353
WI;46;1997;4418999.4;3004790.078;305879.7781;1316951.769;627587.7886;3177699.85;3586140.473;0.888979393;0.955287385;1.221905767;1.070394445;0.727285874;1.064859099;1.225648018
WV;47;1997;344086.8839;162298.5935;47698.01351;116039.2679;135934.0676;482491.5361;338386.6654;0.939655419;0.854923534;0.885874912;1.016547492;0.818487468;0.45815085;1.052817326
WY;48;1997;619092.8416;356311.2106;72048.18948;156913.4144;906606.4403;462026.4708;586731.2244;1.29550849;1.096514035;0.893329285;1.060541873;0.272986422;0.47698439;1.302579695
AL;1;1998;2433484.447;761044.4098;350930.2486;356160.4234;347284.8455;866421.816;2087900.753;1.053907872;0.995178711;0.95271576;1.02707739;1.071829315;0.788265922;0.980734318
AR;2;1998;3304413.738;2564413.936;495999.1357;533517.2511;546175.0408;1146836.933;2798963.974;0.996183891;0.928457891;1.086289147;1.037211258;0.938941691;0.814218184;1.253161164
AZ;3;1998;880671.3788;1401733.848;227095.3192;125644.716;689860.6677;718285.1276;963359.4507;1.038747837;1.156168155;1.102908232;1.063705137;0.498925321;0.782161527;1.290795797
CA;4;1998;7106205.054;16357471.42;2580725.452;1101774.308;1736180.133;7751129.698;8797154.147;0.971207555;1.115255817;1.029515544;1.076279992;1.272993845;0.701206359;1.341320747
CO;5;1998;2628141.204;1931946.907;439329.2458;464476.7249;763419.3965;1036302.117;2455604.263;1.075822713;0.964265471;0.966352688;1.044444046;0.813445187;0.89310409;1.345691425
CT;6;1998;203991.5155;241071.8708;22840.8811;56542.42406;35713.89208;272482.684;158764.485;0.92161719;1.316195155;1.287815709;1.065512556;1.866580027;0.878403925;1.434638358
DE;7;1998;605411.2062;188717.2184;74450.4896;44450.14496;30836.81944;93911.13377;546352.0291;1.004262495;0.957988582;1.076136068;1.053899472;1.357717025;1.170856516;1.147939279
FL;8;1998;1342384.493;5121480.833;563283.4091;356654.1163;516777.0821;1813908.443;2000694.369;1.022789271;1.148854137;1.094336926;1.035904446;1.488260764;0.777788082;1.278474772
GA;9;1998;3426068.919;1946682.116;484553.4346;426192.7696;403411.4226;1032556.449;2616768.705;0.994992;1.108982943;1.062675644;1.038938805;1.177536522;0.738781942;1.219441188
IA;10;1998;5873930.943;8880715.516;268631.0284;1796085.417;1128139.626;2890520.699;6142353.834;0.819624478;0.881230291;1.105769863;1.016455354;1.481871451;0.98554983;1.176866075
ID;11;1998;1579734.056;2319568.601;231027.3809;381846.41;395560.3936;897663.9841;1744025.314;1.022890906;0.901079688;1.0384661;1.044815636;0.937835579;0.866989902;1.239060912
IL;12;1998;1857020.794;8098362.549;273864.6983;1462877.838;1185260.35;2187003.363;3919818.073;0.858288501;0.90221848;1.289372821;1.028177053;1.598762133;1.031751733;1.217321074
IN;13;1998;2099591.001;4221046.131;200563.853;867520.1039;629219.6079;1546055.565;2758216.334;0.78620188;0.848066591;1.152535707;1.041657961;1.478923529;0.886594926;1.170991662
KS;14;1998;4198341.354;5071298.222;783170.9427;1011292.942;1526442.342;2169448.246;4914229.002;1.082410189;0.810992931;0.896254406;0.990876911;0.569595435;0.936996782;1.271452899
KY;15;1998;1978684.51;2157988.896;169707.3889;686671.143;540417.0344;1698786.985;1967530.018;1.084162869;1.002804153;1.192198089;1.033988308;0.996416693;0.971105638;1.190582783
LA;16;1998;619160.359;1054308.563;166235.1597;312550.519;263301.2972;773625.5598;1165871.813;1.002208891;0.896037765;1.017430444;1.034591972;1.134014907;0.834268854;0.957050093
MA;17;1998;107745.4322;281465.3555;25131.92899;63695.74125;33230.97294;230009.6121;140840.5547;1.041088899;1.28058043;1.578478296;1.064534344;2.270257133;1.198309813;1.542957302
MD;18;1998;949670.744;552084.8009;116177.8907;188316.8318;143045.131;447804.638;867842.6836;0.984168358;1.015516477;1.178316138;1.062188106;1.317855969;0.871953201;1.272868383
ME;19;1998;390878.1892;215878.3013;26090.32784;74981.98719;37356.45366;313448.6825;239693.1069;0.915399192;1.160587356;1.170015607;1.048433207;1.249645009;0.773743852;1.387611453
MI;20;1998;1503798.453;3002809.284;171666.5412;732415.2345;482804.2241;1699130.321;2159698.751;0.892684797;0.900295389;1.264076049;1.053418937;0.972667546;0.965174878;1.195991359
MN;21;1998;4357382.02;6976990.051;467781.9597;1490025.837;996363.7581;2967978.063;5669125.003;0.877533851;0.809902767;1.183861742;1.02698723;0.870551336;1.443388014;1.094720474
MO;22;1998;2642216.325;3295136.224;341729.6621;888030.6804;992297.5554;2315281.776;3161870.671;0.952134994;0.855042048;1.13930018;1.039213726;0.949835818;1.33338641;1.130917189
MS;23;1998;2119231.544;1472109.757;523717.7977;403970.4576;425601.1029;882867.6503;2311516.614;1.019174172;0.914821518;0.773883737;1.026670765;0.84020153;0.616368915;0.939867458
MT;24;1998;731007.1444;1384685.063;305405.5526;437292.4391;1509409.09;941933.6839;1209034.89;1.15836107;0.926638866;0.882494659;1.049673826;0.385259814;0.691388962;1.202650468
NC;25;1998;4605258.508;3123885.41;408372.4375;571017.9288;354213.8771;1566427.807;3530449.987;0.864192654;0.9785116;1.05681561;1.037770479;1.668051848;0.84769076;1.200648428
ND;26;1998;607284.287;3482066.703;432139.8401;689821.004;1239220.969;1188867.237;1946415.719;1.087654642;0.808121587;0.761531855;1.021763516;0.408380861;1.222490469;0.966902918
NE;27;1998;4958229.855;6092560.775;658820.4289;1041920.154;1555916.271;2493854.269;5952375.92;1.027880848;0.765107368;0.913910456;1.019781237;0.62076206;1.203084444;1.105451527
NH;28;1998;79055.83713;72846.64556;7916.808869;29418.98822;21640.13842;145305.9775;60809.22853;0.997783457;1.317151382;1.286517881;1.064109838;1.445587261;1.038227619;1.591891269
NJ;29;1998;211377.8806;592132.7333;29317.76313;96868.91296;129992.4115;358057.032;263598.8051;0.875673674;1.114401345;1.52074373;1.072378213;1.21098633;1.061695093;1.446953933
NM;30;1998;1334064.281;502437.6586;108952.7348;156964.2177;1268916.281;610178.463;853794.1947;1.092258545;1.170361286;1.099233933;1.071089223;0.260807304;1.376726578;1.347248419
NV;31;1998;188205.053;197332.2498;18047.80164;54271.73795;108759.047;97300.48237;194591.8425;1.063807792;1.187911204;1.292139645;1.043186398;0.525586829;1.043529247;1.444765895
NY;32;1998;2285300.976;1568415.393;146321.3666;582921.3436;297672.1045;1807418.643;1745160.774;0.911019086;0.97911059;1.191041182;1.063808353;0.77492608;0.850225198;1.245192039
OH;33;1998;2080716.139;3946783.82;165014.2935;923678.1243;686954.1161;2054867.955;2374929.819;0.877505034;0.901251462;1.329826173;1.044644867;1.214093142;1.167114685;1.290679237
OK;34;1998;2448629.908;1426521.868;303976.7362;585347.2656;1133922.178;2193862.33;2320177.963;1.131131113;0.903296107;0.859250957;1.05252362;0.563470565;0.560196096;1.206342488
OR;35;1998;717183.0387;2405833.389;204894.2427;374749.5258;487717.9987;1330237.449;1207429.901;1.072250593;0.98641454;1.306743505;1.045024915;0.992533072;0.940408366;1.427246642
PA;36;1998;3043194.819;1881363.956;198249.1815;703654.0958;439771.7457;2666296.392;2218095.265;0.977689929;1.089734422;1.378505694;1.073917749;1.113949184;1.141684126;1.458062638
RI;37;1998;10906.55783;33562.26485;1670.390598;7551.57164;5130.414815;26397.27722;14353.15669;0.973808764;1.37503242;1.784612535;1.058368144;1.969123541;1.489618085;1.703352172
SC;38;1998;818188.8969;776132.9478;119377.346;210351.206;194288.8123;569853.0835;838405.4148;0.935499589;0.986736839;0.992470563;1.032126053;1.0751165;0.541137338;1.120284444
SD;39;1998;1545392.092;3651773.623;321405.9572;605593.1597;1271023.067;1380458.706;2466658.673;1.08224491;0.758939986;0.835703474;1.041703718;0.385437741;0.732989307;1.021142711
TN;40;1998;950994.3729;1572463.29;168671.5162;543029.4844;443275.0946;1205484.237;1488389.32;1.058230401;0.932804389;1.004221458;1.026440737;1.41911385;0.783706161;1.031244818
TX;41;1998;7348360.524;4981312.655;1459329.893;1661617.02;4659257.776;4911264.517;6759134.606;1.081390064;1.005637457;0.960240843;1.056576666;0.56976607;0.79379101;1.238494526
UT;42;1998;720047.1454;397847.1615;78853.79635;160906.126;298984.6579;444559.2072;560420.5428;1.00744363;1.030117537;0.917939854;1.038281629;0.723554956;0.639485353;1.222669846
VA;43;1998;1578189.661;1052755.18;181640.3592;428871.8266;357071.7451;1030661.795;1398185.46;0.996945998;0.966584788;1.061143582;1.04400134;1.363155549;0.799344795;1.179105248
VT;44;1998;484781.7325;128758.6132;40895.40962;84922.04422;45374.37881;386288.013;281690.2884;0.964023598;1.204695993;1.034239853;1.067581194;1.281963233;0.647573841;1.350812429
WA;45;1998;1617950.458;3862914.359;315880.6371;469242.2464;400151.8426;1767631.653;2050146.964;1.093719483;0.929650023;1.280953642;1.036742651;1.466708815;0.841637016;1.374543971
WI;46;1998;4568065.246;3040907.227;259122.8695;1299164.529;627766.1576;3067158.076;3639562.68;0.967138896;0.850088081;1.351280354;1.062294689;0.760826178;1.884796918;1.147586514
WV;47;1998;341275.5349;163333.2507;54630.90372;116380.9574;136645.7752;435786.386;361966.519;0.987208167;0.83994281;0.852173006;1.024065725;0.810034738;0.417667034;1.019776938
WY;48;1998;532553.7657;341186.7973;102150.5579;159297.9304;910074.6031;379871.5276;580934.9606;1.156910544;1.01396237;0.847254016;1.085893252;0.274728713;0.558164946;1.230824284
AL;1;1999;2613269.262;796849.1591;374036.9859;361134.1598;344464.4193;909594.9829;2109644.817;1.043418743;0.926748975;0.961777045;1.086869321;1.216454264;0.690268616;1.003830168
AR;2;1999;3464375.379;2637045.082;536527.182;534812.1703;544826.8067;1273886.288;2975024.745;0.987251411;0.838869862;0.9849582;1.079995167;1.070517854;0.872881039;1.169572987
AZ;3;1999;971801.4081;1382365.023;220544.2135;128339.1392;651602.0142;650641.0098;945585.7671;1.046219689;1.011820699;1.183782122;1.127233518;0.573578042;0.880261213;1.327344676
CA;4;1999;7592925.488;17579089.72;2660367.454;1128896.634;1726168.896;8450987.959;9451844.986;0.906933191;1.076865405;1.029410539;1.155204308;1.472227755;0.700639165;1.313872545
CO;5;1999;2681440.857;1956250.171;517468.2332;467302.9366;754481.2301;1081199.61;2517149.141;1.117232921;0.855786177;0.859076121;1.079054132;0.933756239;0.829416956;1.286382792
CT;6;1999;217082.5791;237068.001;29881.55673;55940.39534;35111.15472;257509.4895;152971.7343;0.912900999;1.31688432;1.237861536;1.145887708;2.253339282;0.839793099;1.425146001
DE;7;1999;613118.7798;176907.0373;86650.40681;44675.77979;30392.76836;105496.0076;542475.0269;0.918075838;0.930062786;0.969156895;1.119002198;1.642617297;0.883655053;1.075112746
FL;8;1999;1352176.137;4873635.547;569885.6745;359459.8971;512761.3883;1911266.039;1929909.76;0.997349731;1.104362716;0.987307772;1.099213396;1.691407203;0.689890669;1.239722406
GA;9;1999;3576479.121;2072203.616;571918.2154;430330.2657;402518.4568;1006412.85;2624536.949;0.932549696;1.012980637;0.970733636;1.099211799;1.36200567;0.777984537;1.180041079
IA;10;1999;6183716.916;8790431.296;289781.2893;1791995.144;1125973.818;3149361.129;6451225.221;0.764088068;0.757414213;1.038404921;1.047257993;1.689264286;1.132437256;1.114840057
ID;11;1999;1678519.003;2237096.012;221387.7876;383746.8861;390914.6473;1021439.614;1685898.186;0.987495853;0.910703336;1.014325566;1.101963899;1.081145051;0.846068875;1.22232595
IL;12;1999;1783959.406;7964625.429;290401.5999;1453748.917;1183390.742;2259072.364;3977724.423;0.820272772;0.832233956;1.217796796;1.064950241;1.817361013;0.826228225;1.150123294
IN;13;1999;2017602.633;4060224.511;216375.7274;880739.0077;626492.2471;1630232.109;2786189.557;0.748170169;0.805281724;1.08622043;1.088297486;1.692898819;0.811715095;1.135175491
KS;14;1999;4421124.431;4819361.5;889665.5135;1002030.004;1529084.044;2127458.906;5203942.814;1.140702409;0.765977557;0.813189924;1.027020248;0.644367023;0.734018799;1.22045815
KY;15;1999;2026073.954;1780986.29;312488.3208;690645.7175;539260.8866;1633064.484;1798394.159;1.065504035;1.010991001;1.135032495;1.090227441;1.150563381;0.765035914;1.220121272
LA;16;1999;625462.0767;1223597.226;153124.2984;309395.8655;260722.4883;762350.8452;1169647.535;1.000856519;0.81482133;1.003593994;1.088742093;1.303511188;0.828420967;0.973182411
MA;17;1999;109342.3285;285613.4052;33213.62007;63487.2866;32849.41932;216491.884;126883.9946;1.02148449;1.107289563;1.533839982;1.140394667;2.774916629;1.14586596;1.562245434
MD;18;1999;1002768.486;532537.9935;143035.5599;186363.8283;141314.2107;493160.7092;858704.018;0.923957921;0.981586139;1.091574384;1.134848523;1.509893491;0.704123189;1.229191732
ME;19;1999;388073.1272;205856.2338;33184.93944;74012.81387;37427.0768;295125.2248;235582.1737;0.901431418;1.141126284;1.124872429;1.118515755;1.465240468;0.744804077;1.324222038
MI;20;1999;1500025.53;3359720.359;195935.0039;726132.4952;480198.8277;1764981.497;2217569.402;0.869775727;0.84114832;1.165244187;1.11196285;1.164487312;0.865623983;1.107443292
MN;21;1999;4440502.853;6800399.156;502252.6854;1482300.646;1000175.336;2931364.574;5603670.025;0.813220797;0.75310464;1.056467001;1.074336331;1.003688418;0.991475149;1.024966018
MO;22;1999;2544340.237;2981542.23;345820.969;895084.0898;991618.7618;2426483.759;3152859.976;0.961058846;0.802391212;1.122173045;1.089304677;1.111388112;1.293029226;1.112791651
MS;23;1999;2183570.775;1438525.416;509312.7573;402580.8429;424993.9314;900342.9127;2398742.513;0.959479805;0.824338966;0.780947143;1.079172163;0.964564629;0.763048186;0.91651839
MT;24;1999;778188.475;1338868.975;298867.2253;440146.3905;1512917.997;998385.589;1166505.444;1.245101135;0.884856742;0.887241031;1.086073049;0.444528874;0.92794714;1.115003667
NC;25;1999;4597183.274;2751391.235;589688.0263;574085.1854;352310.4666;1615776.369;3509786.296;0.830191589;0.959062018;1.030661857;1.075868841;1.97495121;0.882835046;1.165739442
ND;26;1999;573893.7707;3255011.924;417208.7916;692834.3475;1237423.211;1239440.8;1882944.756;1.125469368;0.769642397;0.752662378;1.059560838;0.449449393;1.435244156;0.952590451
NE;27;1999;5079415.387;5973240.6;797661.865;1036050.48;1559728.766;2644063.201;6239602.189;1.055342952;0.702761129;0.760720783;1.043061506;0.703433487;0.836976572;1.062576865
NH;28;1999;71043.47281;74102.75145;10692.44909;29254.87822;21576.91092;136554.3846;58871.45305;1.001557434;1.28839585;1.251735319;1.140166404;1.66722149;0.996364867;1.528818624
NJ;29;1999;228240.1079;538895.5145;48471.14295;97310.38094;127903.992;392035.4547;256165.6052;0.850109353;1.070402351;1.183324542;1.142752908;1.412310653;0.712233981;1.404055356
NM;30;1999;1359547.232;556142.2176;114599.9759;160745.8688;1263507.332;659853.2983;841392.5314;1.082031478;1.142902037;1.041981713;1.141305734;0.291069577;1.242834131;1.345171963
NV;31;1999;191140.4141;189474.7372;18161.19784;54690.49798;110118.7868;93908.12052;186038.5145;1.153022056;0.957699616;1.206449234;1.098127776;0.580098184;1.075778637;1.324543319
NY;32;1999;2355478.712;1585238.743;182693.4644;576469.3052;297508.7269;1525584.078;1707845.306;0.873006359;0.985207047;1.127037571;1.146826425;0.869622639;0.747770292;1.227942778
OH;33;1999;2132852.486;3460030.363;177058.288;923915.1363;687123.9055;2096110.152;2360904.045;0.837265324;0.872968382;1.290018076;1.101150545;1.412445462;1.199880281;1.265024174
OK;34;1999;2657932.375;1495162.879;374986.3311;585621.3508;1133166.921;2083964.82;2421157.097;1.165876361;0.849531595;0.857169688;1.087906051;0.629951437;0.81058606;1.212540348
OR;35;1999;716681.343;2432098.962;227369.3335;380569.7249;485152.1514;1670565.711;1222322.274;1.066976349;0.961986617;1.250760435;1.098555047;1.132102887;0.876308709;1.41785157
PA;36;1999;3066312.405;1630903.224;237819.0553;709802.4999;438691.0943;2320072.821;2106224.357;0.962307008;1.0761468;1.277603002;1.152626072;1.285014672;0.922612104;1.438856398
RI;37;1999;10659.96915;31800.74719;2578.076496;7546.461205;5134.76802;24875.01329;13454.70049;0.949575563;1.395400444;1.709413978;1.135079616;2.359248391;1.410532914;1.632322213
SC;38;1999;831273.0324;772674.533;150441.1897;211471.4423;194077.5828;483938.0871;785677.5776;0.923739787;0.919369504;0.970772504;1.088509605;1.253634103;0.661516462;1.140214555
SD;39;1999;1594230.853;3594104.437;350616.2433;617813.3725;1272101.421;1553607.764;2563243.847;1.136773275;0.68820897;0.767050723;1.075190484;0.440002615;0.661405407;0.939546618
TN;40;1999;932061.5542;1436492.118;173395.3405;549822.2573;443273.7162;1466956.605;1476840.027;1.062461728;0.888376213;0.995280452;1.078123738;1.654811967;0.815549158;1.008683176
TX;41;1999;7544688.719;5966374.041;1684597.599;1647539.621;4650655.962;5173906.855;6953640.73;1.111585578;0.897606946;0.951870389;1.100960053;0.65159344;0.988884582;1.235347914
UT;42;1999;768145.6767;392294.9083;86716.51835;162881.6114;296735.4433;497583.4591;546806.9793;0.982922077;0.958915757;0.868783555;1.095628486;0.847932056;0.587543003;1.189699823
VA;43;1999;1572325.249;1021002.952;202632.5402;432344.4111;356237.439;1099011.534;1379558.626;0.971290209;0.936346386;1.058333698;1.100254311;1.596451831;0.815018222;1.176114719
VT;44;1999;482777.5192;119279.4216;51112.27911;84053.20378;45050.58087;363328.4855;281796.4923;0.95661255;1.138299166;1.010901153;1.15744706;1.480880855;0.623036143;1.277174413
WA;45;1999;1589681.001;3815492.763;311643.3019;474671.3475;398769.1887;1744664.092;1994876.71;1.088850334;0.895401477;1.386393824;1.0942556;1.635553638;0.996972639;1.415244163
WI;46;1999;4706819.851;3216540.611;271123.4292;1285780.92;625335.9202;2866924.035;3739300.099;0.891355522;0.746839211;1.247743488;1.132140545;0.934741545;1.702096889;1.007422117
WV;47;1999;335520.115;134557.5524;52624.97604;117215.8184;136250.5078;396287.9346;329829.5412;0.970436916;0.855955038;0.920566377;1.085031971;0.92636168;0.541019302;1.072677334
WY;48;1999;544060.4857;376203.4439;109627.9006;156449.1306;909967.0853;393426.4948;570566.8744;1.269600203;0.923792722;0.808324621;1.123336105;0.32065128;0.610313428;1.190574208
AL;1;2000;2651059.748;643568.2146;314464.8524;367055.8845;338710.8882;868120.2623;1969620.802;0.975866041;0.945317493;0.99274161;1.149653297;1.324755838;0.857643633;1.041622476
AR;2;2000;3433855.082;2410809.481;415453.591;533917.105;541987.4102;1367668.7;2692375.986;0.937700643;0.830510197;1.032513566;1.133551564;1.177023045;0.8940256;1.23126721
AZ;3;2000;1018964.623;1342204.933;212485.2369;130906.6987;612119.4274;659824.7082;991436.98;1.03745488;1.025151766;1.292702971;1.200738218;0.643121105;0.975576797;1.420502652
CA;4;2000;7888342.09;18579986.09;1903691.734;1148546.876;1711680.921;7222219.844;9164219.322;0.825252316;1.059272812;1.194398064;1.222653492;1.658901181;0.83696015;1.384259898
CO;5;2000;2789949.122;1782720.631;477236.5342;467010.4615;746720.5682;1071188.201;2632446.124;1.184986125;0.859852247;0.883281835;1.170976279;1.029406654;0.900534039;1.361670248
CT;6;2000;209952.175;274924.4763;31977.24312;55020.18865;34137.51151;247443.4845;149845.2547;0.843724144;1.295671661;1.298247152;1.214649892;2.661886435;0.90105927;1.488443508
DE;7;2000;638580.9969;221765.5739;71361.45666;44545.84238;29872.44947;94025.61642;538349.2402;0.867921703;0.922532692;0.964778816;1.177442453;1.93357993;1.112867994;1.095286661
FL;8;2000;1304934.084;5144499.823;679798.1754;364667.8822;508365.6932;2046578.467;1871465.002;0.996439065;1.074802652;0.959999905;1.167573121;1.863012547;0.667442607;1.241561405
GA;9;2000;3532825.765;2036482.234;487683.3709;437571.0942;399341.1239;1030476.131;2381093.906;0.870642918;1.052859325;1.002845413;1.160550043;1.519149348;1.002977048;1.222303713
IA;10;2000;6307648.545;8625983.301;324264.662;1766664.942;1121895.528;3116836.107;6508070.836;0.915629659;0.783351598;1.066567161;1.118222021;1.856865456;1.04479854;1.147940644
ID;11;2000;1774361.518;2294889.799;233140.9008;385847.7183;387560.137;1146136.58;1581877.489;0.924225955;0.930347286;1.032043279;1.170576278;1.200159221;0.780488147;1.385999703
IL;12;2000;1742097.692;8512851.943;295468.2443;1434235.842;1179995.349;2357147.03;3921552.609;0.950903079;0.82166223;1.222649968;1.123218113;1.988677767;0.677943617;1.170286069
IN;13;2000;2008054.143;4484603.885;202357.6966;862310.4201;623389.2335;1727190.661;2755536.812;0.816046131;0.785089426;1.101966049;1.15013577;1.861847694;0.796428976;1.132170531
KS;14;2000;4517239.208;4056563.564;821148.869;998322.1079;1532877.158;2328607.044;5113691.372;1.234788742;0.783094846;0.852660675;1.109044552;0.704014678;0.835105588;1.338767478
KY;15;2000;2137401.085;2032340.69;350847.4521;687233.7802;537485.7363;1626476.984;1839698.642;1.123410897;0.985616661;1.064077451;1.151183303;1.281546943;0.673651345;1.184541436
LA;16;2000;641275.0246;997346.5281;137918.9979;306989.538;257260.1453;745694.0659;1097628.438;0.985357871;0.84009341;1.010730256;1.13760952;1.448421078;0.805083173;0.987841147
MA;17;2000;101172.5575;303441.8011;38109.64476;62899.67596;32152.7767;203017.0295;127670.4628;0.937922512;1.138767471;1.619941062;1.206226067;3.313167409;1.218224039;1.595741545
MD;18;2000;943848.9352;655566.6165;122879.9968;183145.783;139313.6203;435478.4517;796167.8577;0.87689443;0.965430743;1.16647647;1.200758862;1.68180026;1.056311927;1.290616393
ME;19;2000;394871.3812;238262.6472;37261.06931;72649.53367;37375.14006;274923.2708;212796.7794;0.84317592;1.14938327;1.151010581;1.176121688;1.667512248;0.790941705;1.372553452
MI;20;2000;1551992.244;3115852.19;211396.6379;723461.246;476556.9453;1791684.015;2279631.906;0.85072305;0.828801719;1.191954141;1.169361802;1.344767772;0.92836035;1.099955209
MN;21;2000;4524557.655;6820190.729;507546.5407;1471628.46;1002534.318;2863700.658;5874580.168;0.864952111;0.742326598;1.120090628;1.137205488;1.121260508;1.272707263;1.015818864
MO;22;2000;2514801.169;3562731.407;351123.2241;886182.2712;987861.0965;2473577.467;3132251.997;1.035389515;0.810393813;1.108251354;1.159735655;1.256407772;0.933439792;1.144861917
MS;23;2000;2217442.711;1083128.557;420885.4804;399208.0826;421673.7566;918569.2422;2159730.704;0.918586558;0.781946421;0.805324432;1.133459142;1.066635632;0.714005097;0.958486805
MT;24;2000;751775.4056;1110255.111;297562.311;441949.1703;1519014.102;1040078.758;1152339.072;1.420922679;0.92662833;0.914795737;1.176263207;0.494779652;0.931993965;1.242433386
NC;25;2000;4677321.181;2874689.47;515718;568883.6741;348830.2146;1546467.373;3424719.743;0.920063847;1.026735419;0.945801085;1.148458219;2.259705807;0.73069728;1.156576568
ND;26;2000;612527.2704;3812973.121;429338.6757;681018.725;1234480.787;1275109.172;2025138.942;1.217057551;0.759216643;0.740000024;1.117115516;0.475601851;1.054038846;0.956449728
NE;27;2000;5213489.002;5248469.788;642034.5834;1028471.886;1560233.224;2039893.566;5906126.731;1.129848543;0.739341548;0.863723158;1.127523925;0.770121277;1.143488715;1.178741498
NH;28;2000;64436.39432;74931.00104;13111.54953;28910.32757;21257.73089;125139.3124;56882.66271;0.931276971;1.298957377;1.289728032;1.204157185;1.86362455;1.05594023;1.552524479
NJ;29;2000;243155.6393;629595.7139;55577.91915;96734.77412;125138.2967;407728.9196;255048.5345;0.811916417;1.113797661;1.225386835;1.202081874;1.620544966;0.744931444;1.455031596
NM;30;2000;1438328.106;530080.5573;118287.925;162314.737;1257019.569;632212.8151;904962.3069;1.100534492;1.103848614;1.064697386;1.233802245;0.31536101;1.239933068;1.445038901
NV;31;2000;193254.1306;214988.5301;21208.79948;54970.51081;113314.9917;125579.3429;200394.999;1.233594459;1.070564981;1.180195265;1.189913188;0.611045583;0.906614607;1.397573327
NY;32;2000;2312209.392;1577923.014;194534.567;569350.5153;296368.9784;1635117.456;1609751.292;0.807041521;1.015344878;1.204880405;1.213176131;0.949525869;0.826389863;1.275457626
OH;33;2000;2086360.126;4010997.926;174725.0053;903208.1024;686018.9939;1950825.024;2300489.244;0.842058353;0.839592802;1.251404998;1.159679762;1.58434347;0.979977151;1.264608938
OK;34;2000;2590921.151;1303626.779;383907.2171;595363.0257;1129080.873;2033566.462;2289251.935;1.292319366;0.8480908;0.822630143;1.186776573;0.678266575;0.593297542;1.259992104
OR;35;2000;714082.2297;2451340.086;169067.9669;384501.9578;480762.8003;1386434.111;1260838.105;1.105971913;0.955768144;1.354897558;1.16266771;1.24254889;1.01382228;1.36844124
PA;36;2000;3120399.767;2034536.096;254316.1658;704681.9461;434910.5807;2432064.538;2099762.658;0.909084451;1.042261061;1.208275111;1.219290192;1.436486002;0.795527688;1.4227898
RI;37;2000;10093.7207;33816.96987;3345.914801;7450.909541;5069.701981;23189.63949;13361.83251;0.912051282;1.386666577;1.81744018;1.20275719;2.76983263;1.509013564;1.734644717
SC;38;2000;870392.4462;828880.0748;135923.2654;213643.625;192800.4775;533143.2965;774144.0044;0.905059062;0.968761551;0.969616466;1.147256888;1.414684065;0.635070969;1.162606829
SD;39;2000;1706966.327;3667917.489;305259.7058;612320.188;1274241.978;1480479.306;2581482.285;1.256607992;0.707123696;0.865273616;1.171055173;0.484811175;1.171606396;1.023702807
TN;40;2000;930610.4286;1491900.098;205494.5511;552973.1316;441705.298;1480265.508;1476600.9;1.082163139;0.881442727;0.93769432;1.141238214;1.856042447;0.683874777;0.999764138
TX;41;2000;7587889.86;4482212.623;1599525.71;1673511.704;4631000.055;4986527.796;6866805.503;1.192552034;0.909536729;0.935805994;1.17302753;0.7194108;0.826263375;1.28706538
UT;42;2000;797888.6826;383270.1873;71190.07129;164949.8197;294767.7757;472010.3537;567091.8093;0.997644408;0.999744315;0.984319674;1.167951539;0.96047704;0.852471087;1.260076686
VA;43;2000;1613535.767;1159101.711;207989.6845;431366.6035;354267.0881;993267.2859;1302018.481;0.996832812;0.955198006;1.106579999;1.173498943;1.813058961;0.958954837;1.240769096
VT;44;2000;494441.7569;116693.7327;54163.87959;82340.45045;44558.61967;330750.8324;260462.4561;0.880047105;1.132383219;1.048436809;1.23128259;1.65564639;0.657225369;1.297634353
WA;45;2000;1621865.943;3868356.241;230112.5388;481291.7159;396784.1904;1736987.139;1990653.075;1.077884621;0.935303313;1.442713093;1.151403016;1.747931525;1.04010061;1.458812785
WI;46;2000;4751671.14;3064941.144;275673.2798;1276917.426;620928.1403;2531437.976;3839851.478;0.806449689;0.732381328;1.289919193;1.199806153;1.11082525;1.945174576;0.975625449
WV;47;2000;329143.8222;176304.4499;40009.44959;116313.4088;135011.2053;379354.924;303265.5541;0.991284643;0.866802238;1.055924172;1.148844772;1.020957809;1.213050629;1.148841233
WY;48;2000;535741.0825;317123.5824;88824.08521;156675.9027;906903.3833;429471.689;580847.8632;1.444694757;0.935578822;0.88526079;1.237605377;0.361151859;0.750602522;1.282537437
AL;1;2001;2575647.049;890304.7416;385989.3896;368043.6501;330941.1731;980100.1504;1988478.731;1.097082517;0.873875805;0.988086783;1.1382942;1.245163553;0.866258691;1.058201651
AR;2;2001;3402339.634;2782061.961;414771.7323;540912.6104;538158.7367;1340006.205;2669357.231;1.03652051;0.790051214;1.106668766;1.125055003;1.120310516;0.766519309;1.336656044
AZ;3;2001;1061578.477;1340781.332;190256.5591;134654.6333;570748.6729;649830.7406;947111.2419;1.134886969;1.146845038;1.34565819;1.192798885;0.625305176;1.022646028;1.462571121
CA;4;2001;8070850.662;17937959.81;2263429.401;1161975.923;1693685.238;6537093.028;9028558.374;0.943298795;1.097328488;1.341290746;1.21496898;1.625795474;0.942681411;1.517351267
CO;5;2001;2721639.461;1830916.653;444191.0731;467077.9409;739628.2284;1048454.77;2224477.202;1.233186845;0.949463055;0.964977119;1.156575443;0.979748706;0.851750863;1.49309891
CT;6;2001;209715.1425;242480.2002;24595.57694;54155.71078;32912.7194;236656.1373;149595.7512;0.902903743;1.346720819;1.319678656;1.208769635;2.734036001;0.915918137;1.542899242
DE;7;2001;647702.4676;202704.041;79542.5016;44914.98716;29299.34876;109303.9832;532257.4364;1.013263327;0.964025759;0.993239464;1.171631065;1.97219849;0.735290292;1.14748794
FL;8;2001;1441073.49;5075275.633;595697.3744;366230.1473;503558.8822;1943531.04;1702719.219;0.958780618;1.046837387;1.17024448;1.156390712;1.781084763;0.843404259;1.343248291
GA;9;2001;3636478.194;2202657.27;580406.4266;440410.3079;394564.9496;1122094.286;2330358.614;0.968269821;0.960199047;1.092052366;1.152451546;1.465872622;0.965978435;1.312157588
IA;10;2001;6122125.548;8536340.285;294837.9599;1736949.78;1116521.597;2947538.001;6248744.709;0.966932375;0.770068956;1.120332374;1.106969289;1.767105008;1.128734212;1.209904086
ID;11;2001;1999111.246;2103075.855;205895.6051;386372.2748;384935.6031;1141101.172;1499427.015;1.046280177;0.981977228;1.059320756;1.166477253;1.151504484;0.76618859;1.495323421
IL;12;2001;1757267.181;8564771.555;330852.7241;1418424.974;1175480.649;1760061.974;4026312.196;1.034908716;0.822295512;1.309599847;1.109088234;1.882311524;0.980985244;1.178246652
IN;13;2001;2084680.002;4820268.067;208702.6499;854005.513;619996.8969;1788963.821;2775718.577;0.874749283;0.785227339;1.093133758;1.138785202;1.768932137;0.61617092;1.187122381
KS;14;2001;4261891.334;4478007.644;769848.3013;989010.5528;1537670.334;2125783.629;4833938.902;1.277423036;0.804587377;0.960178675;1.106472259;0.666684535;1.036809932;1.44241724
KY;15;2001;1947691.557;1876462.335;285772.0012;698841.2813;535289.7934;1575485.89;1726681.757;1.177502792;0.974606295;1.159919904;1.143630583;1.235633395;0.947639799;1.201716686
LA;16;2001;757876.7356;1221008.554;150165.528;304883.0091;253176.4621;688946.2531;1121525.241;0.954992957;0.771656081;1.05892726;1.127316016;1.395078455;0.948433805;1.040801194
MA;17;2001;105524.6464;273391.2158;30609.26173;62363.21544;31243.98671;189644.7735;125599.6208;1.038218687;1.194361857;1.620213967;1.199148965;3.433341087;1.210168968;1.669098647
MD;18;2001;930059.82;592725.3742;118961.4746;181982.1576;137122.6677;423126.3106;797662.6873;1.010372416;1.011695776;1.201790057;1.194209664;1.628663788;1.015710626;1.33627475
ME;19;2001;380979.9985;202588.8228;28149.59662;71605.37509;37219.16147;255405.919;210028.0737;0.911667531;1.237799903;1.144742235;1.167429374;1.647014753;0.788844887;1.443861796
MI;20;2001;1602564.505;2814392.023;289223.134;721305.8803;472181.2744;1627836.091;2303238.532;0.946612708;0.847414284;1.271741922;1.158249247;1.341470332;1.086924794;1.139109177
MN;21;2001;4541013.049;6011126.334;648510.0364;1462421.362;1003900.487;2640957.55;5821206.762;0.947614482;0.755796367;1.174444617;1.124902221;1.086805991;1.402861938;1.068768313
MO;22;2001;2668061.027;3660319.611;344864.6566;885330.3677;981982.4817;2638657.214;3118875.618;1.039073698;0.800441445;1.15291869;1.151594078;1.229584294;1.128455085;1.18950215
MS;23;2001;2206367.297;1518428.24;484122.0811;400443.9359;416470.0709;890397.5051;2324567.084;1.039818231;0.776236724;0.823986368;1.123517852;1.019931447;0.948515418;0.987350408
MT;24;2001;761234.3001;1042519.267;268156.5888;439126.1265;1526552.225;907787.3549;1015622.646;1.413220374;0.968128895;0.952331073;1.169139118;0.476645431;1.05085273;1.362698485
NC;25;2001;4779450.021;2990576.751;497237.5279;568434.6388;344250.7669;1595252.817;3249204.511;0.9822692;0.954986102;0.999237048;1.134781028;2.238259853;0.865725328;1.189382151
ND;26;2001;610345.9406;3602711.057;363597.2914;686185.5235;1230801.44;1044930.129;2072245.471;1.284368537;0.737610226;0.781708436;1.105735887;0.435293921;1.548301984;1.001356621
NE;27;2001;4965094.301;6139629.258;609473.2297;1015541.18;1558529.983;2137101.57;5762672.106;1.197911025;0.735463411;0.957453795;1.115265202;0.730949519;1.15916815;1.25687723
NH;28;2001;69758.59802;73464.77769;10995.70063;28437.99211;20751.4996;114479.3329;57420.79892;1.038044256;1.325187086;1.256894838;1.194918736;1.80686852;1.021002946;1.582041506
NJ;29;2001;236741.9553;616086.9963;43575.27075;97378.00147;121830.3135;443233.214;264998.8149;0.85085071;1.089309818;1.276183732;1.193961866;1.623130897;0.800548406;1.485675811
NM;30;2001;1433921.927;565529.7525;109388.6415;163317.7272;1249613.65;644321.6258;806508.5413;1.175554505;1.081496575;1.040629244;1.213173658;0.297201076;1.124791751;1.471939741
NV;31;2001;211953.4071;192500.7703;17176.90189;55949.56976;117298.2269;127828.9854;182691.9843;1.212962661;1.184774379;1.272553389;1.198261958;0.55178643;0.935595478;1.548153063
NY;32;2001;2443431.116;1629077.659;153821.08;559646.7675;294590.8591;1607078.74;1689978.898;0.916762526;1.020254353;1.174076827;1.204769617;0.901680049;0.784584839;1.287909214
OH;33;2001;2059724.58;3810870.617;168488.1513;898292.774;683993.2009;2138388.967;2365140.171;0.910206987;0.85896823;1.275135226;1.148147077;1.537602933;1.200430726;1.265414906
OK;34;2001;2464794.186;1217421.016;355038.1941;596789.077;1122776.737;2134671.336;2082021.949;1.320747176;0.860469701;0.819613291;1.162423604;0.631725457;0.482875352;1.325215593
OR;35;2001;757433.5495;2432033.03;248350.6478;384472.4861;475089.8658;1618997.089;1270296.39;1.157856938;0.979528537;1.27717794;1.15342541;1.178980576;0.881773901;1.415545198
PA;36;2001;3170623.666;1808076.424;227162.2166;709798.3594;429278.1958;2597630.185;2215580.207;1.018979566;1.057563735;1.216705201;1.20716958;1.392748426;0.834304002;1.42658348
RI;37;2001;10052.17616;34738.41292;2540.566843;7410.837952;4958.076662;21561.95272;13627.21105;0.982541625;1.404663633;1.856278654;1.195051328;2.830629706;1.560282789;1.76639846
SC;38;2001;896487.2317;851683.3608;191757.1891;214341.1953;190800.2405;554409.9906;760251.1307;0.977619017;0.949085867;1.063747052;1.138176238;1.383598489;0.838009319;1.234277947
SD;39;2001;1710789.019;3405494.307;278937.8488;618159.4719;1277069.578;1440864.057;2539376.678;1.255502385;0.748040085;0.940605828;1.158551024;0.462818228;1.293481299;1.118511097
TN;40;2001;1050730.16;1626226.544;189255.727;559530.0734;439066.0585;1589470.168;1445475.049;1.115540945;0.858460368;0.947885609;1.129506862;1.799206536;0.676157597;1.053089311
TX;41;2001;7435212.958;5056448.041;1585309.767;1673067.155;4603270.714;5359454.551;6668848.202;1.249572728;0.887364291;0.930573114;1.164993621;0.687877179;0.776615006;1.325394569
UT;42;2001;818185.6452;364881.6067;62743.8981;166706.6305;292550.1006;508013.2594;506161.6195;1.084533929;1.125059845;1.019570086;1.165827238;0.941533975;0.740230886;1.385895688
VA;43;2001;1638407.162;1134309.5;164858.384;437623.6333;351512.2786;1082605.434;1256938.271;1.040867876;0.929352869;1.123608361;1.170091022;1.786617354;1.062438634;1.258494303
VT;44;2001;486754.4286;112067.873;37983.92622;81207.93315;43962.09824;300744.4238;260093.0712;0.994631095;1.132499048;1.049229814;1.216902648;1.605386235;0.675054178;1.330574556
WA;45;2001;1533047.344;3784480.806;294829.6128;482453.8925;394205.9427;1763112.578;1911003.939;1.152841147;0.942744875;1.504285076;1.148095385;1.609990927;1.092830377;1.54291229
WI;46;2001;4793026.958;2877041.336;365093.4155;1265050.219;615193.1319;2470510.006;3825283.273;0.932932219;0.770384796;1.295354955;1.182188633;1.138940308;1.837600946;1.036518873
WV;47;2001;344847.422;167935.5278;44320.22981;116740.8197;133198.6241;449367.4492;300949.4207;1.030232869;0.876822439;0.94418951;1.142289867;0.973947064;0.548822515;1.160636184
WY;48;2001;562014.1511;279032.5487;69173.59052;155066.3034;901633.2718;422516.6901;508787.8437;1.397774736;1.186587518;1.00266133;1.221174108;0.351768843;0.758953409;1.425631215
AL;1;2002;2651413.913;768585.3892;336667.8832;372971.8378;322093.714;1075150.871;1925382.231;0.91351622;0.918042657;1.013914237;1.097492932;1.125768426;0.791578229;1.073843
AR;2;2002;3434598.734;2804702.476;402496.8513;548643.2751;533836.6135;1228874.091;2610983.612;0.861565397;0.809439758;1.130228833;1.081095907;1.026903152;1.016590743;1.315750785
AZ;3;2002;1048552.059;1344124.751;183402.9892;137108.1516;527007.7933;604069.0238;1069329.43;1.029407868;1.642542446;1.482556518;1.148572261;0.584606956;1.194924382;1.452165032
CA;4;2002;8323411.932;19386468.33;2523021.028;1168782.152;1673360.886;7535003.246;9449215.783;0.785446666;1.106533131;1.098707169;1.185703273;1.534580171;0.75346357;1.406594081
CO;5;2002;2773633.07;1470321.69;453946.8481;469529.3396;732718.5299;840431.2562;2420531.704;1.254496126;1.071063686;1.107724042;1.103361662;0.896946708;1.430929558;1.513326337
CT;6;2002;204664.862;261203.8384;26793.88538;53392.64362;31558.28734;239623.3186;179118.2419;0.795114838;1.377075011;1.44018896;1.166942299;2.696566198;1.117786831;1.566552921
DE;7;2002;667274.3227;163382.3314;63865.43816;44694.23294;28697.63285;87149.02043;420023.276;0.816753884;1.060746498;1.180308211;1.139442447;1.928367352;1.319006022;1.224741109
FL;8;2002;1298057.67;4795300.92;434547.8578;368570.9389;498377.0203;1858198.117;1719396.492;0.940252963;1.093214913;1.269044832;1.12592128;1.641088432;0.925129466;1.411770935
GA;9;2002;3650611.201;1995885.992;526518.4972;445426.2282;388903.8465;1059766.499;2284475.02;0.800560183;0.931132943;1.116110859;1.112889391;1.360624508;1.03861475;1.299706315
IA;10;2002;6549453.971;9396658.07;241150.0291;1727231.08;1110508.939;2758305.031;6230562.826;0.788345817;0.774287231;1.136336509;1.073591374;1.61971306;1.06942657;1.204930656
ID;11;2002;2150565.737;2093203.274;218685.5015;386273.6619;382515.9848;1132892.567;1868880.521;0.93496252;1.081646274;1.070936467;1.131143086;1.062612821;0.871524461;1.402935325
IL;12;2002;1730476.491;7850713.313;360054.6857;1408141.896;1170307.993;1726518.803;3891521.528;0.864386373;0.810576537;1.32825547;1.07907026;1.715616152;1.025998371;1.160246038
IN;13;2002;2107933.248;3862392.909;190127.7385;844436.8182;616425.046;1536359.605;2502740.241;0.725058567;0.811490668;1.189684556;1.109774177;1.617205621;0.906805262;1.195601483
KS;14;2002;4419666.605;3478999.088;732461.9758;999497.3156;1543222.546;2088079.219;4814947.638;1.167229029;0.864003161;0.96737509;1.05251403;0.608514424;1.059569049;1.400218692
KY;15;2002;2030388.99;1545773.296;394902.468;706618.0445;532867.4245;1470031.07;2048445.806;1.008757262;0.944538595;1.25248004;1.104901568;1.147028837;1.295179232;1.16512903
LA;16;2002;743021.613;1220249.943;160170.3633;305560.8108;248755.1906;720571.3964;1116250.876;0.885289482;0.768444058;1.019226031;1.096238955;1.294100346;0.940628459;1.036809533
MA;17;2002;106809.0466;268747.0538;38810.24835;62304.29636;30224.93356;188824.418;142077.6335;0.884160563;1.268069815;1.787040075;1.159738408;3.410931883;1.433369698;1.686221897
MD;18;2002;936661.5161;515528.4871;115497.2233;180124.4669;134823.4433;453132.6355;705120.8216;0.833526115;1.088245799;1.348189065;1.160568613;1.520710944;1.114546435;1.412663654
ME;19;2002;369932.1485;190294.6679;31039.54706;70873.39647;36987.72809;253212.3773;241213.2628;0.81213906;1.331964704;1.212877832;1.133204355;1.565194828;0.932253219;1.462763001
MI;20;2002;1642099.353;2970214.803;179066.1162;717073.6731;467405.0323;1488042.537;2118449.568;0.786866205;0.902902446;1.384421809;1.130150603;1.283883332;1.30349444;1.20105762
MN;21;2002;4507176.468;6888291.626;396023.3916;1453106.205;1004731.8;2435279.528;5361151.157;0.802354712;0.767647491;1.232338923;1.096883451;1.014384252;1.668180736;1.112119412
MO;22;2002;2651165.651;3317993.796;361431.4098;893912.0067;974978.5888;2624299.389;3039459.987;0.901556779;0.789076024;1.132441481;1.106571652;1.156975969;1.172612122;1.151798635
MS;23;2002;2288870.903;1574644.254;468682.7042;405706.8086;410259.1448;835387.2057;2267110.236;0.84641178;1.061820383;0.810179366;1.08673678;0.938409304;0.973374977;0.976445616
MT;24;2002;746910.4014;1081700.882;344112.6673;438668.5988;1534490.173;890924.7823;1116517.18;1.287608292;1.002953942;0.94667826;1.115027194;0.44188902;1.163859908;1.313370338
NC;25;2002;4913705.717;2743770.84;478729.2193;569399.2126;339074.8976;1559033.457;3566783.709;0.794726781;1.032223705;1.101807482;1.098809067;2.131593919;0.978213028;1.244886679
ND;26;2002;590955.6888;3348259.005;336373.5178;689546.4574;1226824.65;1097772.087;2021834.208;1.221676705;0.797467135;0.769081966;1.077857626;0.383391831;1.306366219;1.030036114
NE;27;2002;5161037.083;4974971.338;534673.262;1028381.602;1555765.069;2080745.767;5707937.381;1.10652588;0.769788881;0.982798499;1.07018538;0.668655642;1.056511878;1.244813285
NH;28;2002;73511.38815;74420.19863;14515.24073;28273.17212;20132.52652;112213.7127;62878.63572;0.864285739;1.350060331;1.32532199;1.159798817;1.686585824;1.160639803;1.612985545
NJ;29;2002;252027.9161;612972.316;47142.11892;97624.74294;118162.459;441242.9642;323368.5414;0.782286341;1.155491714;1.607925532;1.156911588;1.564822116;1.18417823;1.508394416
NM;30;2002;1346142.052;541076.1094;125515.5341;164779.1697;1241611.783;618857.7432;818280.2;1.034331373;1.185805746;1.12234631;1.16458018;0.27057573;1.284580841;1.514851935
NV;31;2002;199615.4343;182411.5855;19495.27673;55556.94216;122314.47;109426.4058;194491.2323;1.10917511;1.222825042;1.283619877;1.144940631;0.476043416;0.974188318;1.516808242
NY;32;2002;2525795.457;1565675.334;165514.1073;558496.9698;292506.8068;1604346.887;1849279.389;0.779070916;1.084160151;1.28138231;1.179577958;0.82556081;0.994034158;1.316269582
OH;33;2002;2079014.169;3063195.781;166954.2177;894196.313;681432.8931;1899565.913;2150357.119;0.776610215;0.896169643;1.318917184;1.118733675;1.435824036;1.073490223;1.306594126
OK;34;2002;2611404.674;1349108.747;308214.4081;613691.089;1115365.192;1950435.944;1923447.406;1.166534781;0.911080599;0.874926675;1.179768258;0.566761331;0.60712011;1.310158155
OR;35;2002;770275.3555;2369073.815;232247.1524;386167.7097;468698.3259;1641941.131;1221595.293;1.030510181;1.03764271;1.16887484;1.114917549;1.076842203;0.752812291;1.449129929
PA;36;2002;3121039.455;1718562.924;230609.139;710352.1374;422663.5687;2514247.035;2122559.423;0.88115621;1.148844276;1.371476907;1.180031238;1.299594522;1.050777959;1.521565635
RI;37;2002;11910.35716;35030.16713;3463.607853;7350.917093;4823.17849;21385.71307;16629.6266;0.821586378;1.419740174;2.051040505;1.154826941;2.781084127;1.851012301;1.745409279
SC;38;2002;933816.199;780438.3786;159188.487;214892.7456;188421.8631;605259.8593;818655.9472;0.816233357;0.953587862;0.998891299;1.101028057;1.302183515;0.743444763;1.188809236
SD;39;2002;1598922.499;2561044.866;275302.9044;622530.8751;1280182.833;1426398.486;2363863.777;1.158568561;0.771831996;0.913280384;1.106591099;0.425346891;0.937633094;1.124450321
TN;40;2002;1004833.846;1584173.246;188374.3687;568624.0285;435865.4997;1520602.612;1615170.733;0.975831961;0.930418372;1.042841554;1.091341233;1.677729477;0.907380931;1.033457902
TX;41;2002;7234027.777;5445037.955;1437726.119;1703576.993;4570642.763;5334021.45;5963800.449;1.151627853;0.967914891;0.881405892;1.115537732;0.633359977;0.554897461;1.296070259
UT;42;2002;824549.2643;328571.9763;67197.37711;168354.8312;289704.6836;342789.4632;562832.1331;0.972166859;1.168790157;1.142627818;1.127561981;0.885762561;1.155184157;1.391080467
VA;43;2002;1648339.951;1000511.827;225392.0159;440380.9471;348326.8845;1121736.416;1324945.742;0.892982485;0.995856349;1.163199209;1.129946325;1.695108986;0.975246267;1.287882439
VT;44;2002;492367.7665;125860.359;40201.35781;80177.02038;43319.87238;293316.5105;283998.4278;0.817459285;1.178220251;1.132925886;1.2000644;1.500454489;0.852709863;1.348637398
WA;45;2002;1621657.273;3642263.339;282764.8291;479433.8668;391101.6003;1667180.493;1945404.029;0.975831572;1.058193223;1.502503307;1.119367504;1.425074049;1.093453435;1.503770478
WI;46;2002;4692122.842;3141428.686;235427.0377;1259586.421;608788.9542;2358764.281;3428101.246;0.819791951;0.818405979;1.321502541;1.162682211;1.116456062;1.888896319;1.108328946
WV;47;2002;324298.4547;166868.8917;44408.31373;117516.0822;131081.2619;489462.0872;302584.1668;0.890323999;0.900909878;0.9611229;1.100703305;0.894675291;0.609484657;1.133933968
WY;48;2002;494510.8743;228245.761;85320.42826;152419.9362;894980.7178;410764.9077;497027.6435;1.285250231;1.243338456;1.044492927;1.159418507;0.329418763;0.863392907;1.419003056
AL;1;2003;2654207.365;1064770.625;347207.2149;385004.3185;313120.6232;763818.1053;1881863.436;1.013971264;0.932185258;1.033255513;1.09843555;1.101390305;0.819240624;1.098255821
AR;2;2003;3406461.186;3206608.927;342750.1571;547865.6958;529533.5754;1157603.812;2621709.745;0.967568027;0.951817885;1.160114293;1.090948821;1.017794549;1.246351937;1.33039629
AZ;3;2003;1096232.237;1478967.798;183231.6022;140959.7778;480862.5551;538634.4925;1085150.767;1.169059581;1.055846261;1.482775317;1.146921213;0.587893776;1.187769371;1.478644395
CA;4;2003;8253166.151;18736892.78;2403142.719;1210625.732;1652108.197;6784321.613;8496286.658;0.874410624;1.184417634;1.195950879;1.167545501;1.56132744;0.829428569;1.446891233
CO;5;2003;2568551.784;1610962.543;492716.0764;456423.8779;725544.0557;914765.4805;2503824.989;1.420446033;1.031665358;0.992229989;1.114163105;0.887929454;0.94455101;1.501892197
CT;6;2003;182376.4977;245755.4463;25590.7388;52827.01563;30199.06717;220433.1942;167857.0323;0.93498451;1.405636155;1.428057638;1.177472388;2.85399654;1.065016549;1.593117947
DE;7;2003;645875.9175;173682.8438;57589.15249;44254.80683;28092.15313;74702.85841;378469.4172;0.917474285;1.043992365;1.244779936;1.147756687;2.022385528;1.571878289;1.296523761
FL;8;2003;1207095.713;4794748.357;625783.1613;378703.6047;492919.6314;1851801.241;1934043.171;1.027478501;1.134008799;1.127365239;1.122557793;1.633953826;0.802073283;1.392777995
GA;9;2003;3579032.87;2358022.904;574150.022;460021.5182;383189.836;1119371.192;2373044.25;0.894900937;0.996954927;1.05283252;1.112734621;1.363907529;0.810442256;1.306865082
IA;10;2003;6641568.519;8205111.581;230066.2185;1715771.383;1104494.458;2524179.428;6783547.537;0.915198211;0.817940922;1.198895411;1.081006779;1.605817038;1.616302063;1.223523164
ID;11;2003;2105777.383;2126259.904;222084.3636;387163.59;379839.3687;1101917.156;1804143.352;1.044317142;0.955957701;1.050953859;1.121288613;1.059330921;0.810073103;1.445184711
IL;12;2003;1742831.859;8398106.882;388662.4207;1376311.738;1165001.558;1827328.005;4067500.619;1.016963076;0.864077368;1.3667957;1.092153519;1.692041036;1.054090228;1.24894798
IN;13;2003;2157293.989;4108738.261;192126.5657;826292.1076;612799.2951;1465795.12;2548021.073;0.827885592;0.860008805;1.28262044;1.116626753;1.599334124;1.235384497;1.213838923
KS;14;2003;4596425.162;4211220.172;694129.1112;976327.1266;1549132.267;2087095.86;5236657.991;1.397289162;0.857499562;0.943949131;1.059349009;0.601018824;1.163640845;1.385246835
KY;15;2003;1969689.392;1814207.737;365295.527;718671.97;530405.7232;1463915.094;2096418.748;1.12404347;1.008179005;1.230910269;1.10692103;1.15090081;1.103884742;1.204251859
LA;16;2003;715580.3601;1354140.066;142832.7963;301509.9618;244280.8673;717643.9176;1141899.94;0.978018638;0.880113627;0.983012944;1.108900507;1.297055052;0.697236201;1.041250866
MA;17;2003;98459.8191;263855.1179;35457.53664;62291.35287;29199.75918;174426.1289;121675.8021;0.998971089;1.299556565;1.751601352;1.168995255;3.63158767;1.367094547;1.765383298
MD;18;2003;913190.4492;602143.1824;95465.26582;178108.3792;132506.4874;381000.3641;643540.0037;0.933112957;1.090390369;1.516311672;1.170651726;1.53333356;1.852849686;1.494977513
ME;19;2003;328306.9067;201292.0503;35933.40518;70727.50572;36719.28102;234120.083;221386.4862;0.965439213;1.345275253;1.209573162;1.139412418;1.603473604;0.883384573;1.50070803
MI;20;2003;1695448.195;2995556.871;215063.5061;707219.7002;462577.8143;1541560.504;2170329.125;0.882114064;0.938391628;1.280704372;1.133351253;1.322179014;0.887684958;1.248890451
MN;21;2003;4557528.43;6468822.436;438282.5229;1427284.668;1005491.546;2367051.126;5393848.861;0.912136241;0.814339816;1.21139295;1.101936444;1.022108859;1.195345398;1.148258868
MO;22;2003;2518151.039;3327620.941;357141.3051;901260.6851;967866.4848;2660425.348;3017874.703;0.995510809;0.86289472;1.132010573;1.108249608;1.174054107;1.102279179;1.145948102
MS;23;2003;2273280.077;2167171.542;451402.5762;403586.4011;403940.9011;770337.4533;2513850.052;0.942937999;0.866073623;0.800862063;1.089082994;0.932865685;0.758415453;0.976684108
MT;24;2003;714484.8467;1223474.06;324492.6355;438925.4525;1541974.166;825099.9629;1049957.423;1.49893183;0.968610957;0.98212653;1.105114269;0.442658647;1.483019861;1.351586325
NC;25;2003;4770563.492;2844906.337;452782.3063;573823.8736;333790.5212;1414519.708;3926023.116;0.876635266;1.057205374;1.065185075;1.10025852;2.189014867;1.009672148;1.231439534
ND;26;2003;575049.7842;4241472.509;335697.0827;678714.4224;1222948.415;1123243.717;1958128.342;1.32801618;0.848521654;0.764520577;1.083834228;0.365643617;0.993974913;1.074886052
NE;27;2003;5158480.965;5881299.398;548492.0205;1005022.339;1553049.775;1946665.126;6004120.025;1.340631896;0.786120998;0.997757712;1.076400552;0.661683288;1.526874041;1.267011194
NH;28;2003;68455.8573;76872.33452;13861.30648;28325.42459;19481.01816;103987.0133;57369.85963;0.984100512;1.392970453;1.313178362;1.166167334;1.698996796;1.115767158;1.689004408
NJ;29;2003;221909.6009;607657.8072;45571.51199;98472.44706;114359.9262;380644.6892;288581.5504;0.882812844;1.164654749;1.606885633;1.166983769;1.620948348;1.152630453;1.604712567
NM;30;2003;1448422.462;508394.2957;132506.9055;165802.4797;1233384.902;658605.836;871214.2791;1.094740461;1.230715205;0.995078938;1.153007465;0.266572548;0.857348869;1.555747985
NV;31;2003;199465.2785;178135.8338;17308.04519;56188.14994;126644.8653;83025.13137;195375.5449;1.282970789;1.133224725;1.313985749;1.133331186;0.441708819;1.141778573;1.487611115
NY;32;2003;2374293.921;1620099.634;137665.2104;559857.3385;290446.9108;1580659.13;1622999.057;0.844674271;1.10079439;1.254787872;1.167968839;0.8157432;0.894200676;1.406518592
OH;33;2003;2062903.596;3823084.177;143307.5799;874370.9653;678758.1011;1810722.39;2409563.546;0.906342822;0.962570239;1.453823076;1.126551768;1.448303988;1.165382536;1.417781265
OK;34;2003;2585409.94;1558820.684;356475.9812;642546.4026;1107957.731;1993277.712;2331967.891;1.284808529;0.898537287;0.864493013;1.152197401;0.550413767;0.688259482;1.316267594
OR;35;2003;795160.1537;2530973.918;217992.6423;400672.1851;462201.3636;1518743.153;1163585.103;1.126248396;1.036289795;1.213515787;1.115570311;1.064097753;0.820384018;1.460352494
PA;36;2003;3063006.887;1907098.195;186945.672;714168.2165;415957.528;2361460.413;1939096.616;0.992377313;1.196708663;1.435776145;1.176178012;1.308075597;1.03771564;1.653441219
RI;37;2003;10679.50054;35187.90424;3434.477274;7368.624075;4687.999837;19765.59909;15222.04014;1.018006719;1.47959165;2.020103628;1.1637795;2.93431538;1.771718503;1.913600955
SC;38;2003;998498.4484;853298.7382;174980.9774;220552.3424;186016.2708;560716.8681;838070.6352;0.891991532;1.011618362;0.989100131;1.103500474;1.322231907;0.82170897;1.17462594
SD;39;2003;1617232.417;3274498.122;254079.0595;604542.7342;1283263.497;1318969.907;2431197.543;1.299528554;0.809840396;0.915808553;1.10623495;0.422601987;0.812617821;1.109734641
TN;40;2003;968379.0805;1892575.66;159630.6011;585791.4108;432621.7408;1551793.287;1564975.72;1.079584765;0.974506711;1.004125427;1.092509765;1.690776904;0.770391242;1.09849336
TX;41;2003;7645136.701;5615689.717;1493157.273;1786644.793;4536460.464;5037135.956;7238001.578;1.344160304;1.00529469;0.972442955;1.112360388;0.630313076;0.89093698;1.343443401
UT;42;2003;824557.464;359387.5887;70271.68858;168438.4491;286125.0635;399654.2169;592117.9853;1.075082055;1.13073072;1.033103432;1.121816429;0.897644658;0.822918288;1.3787857
VA;43;2003;1582874.525;1119956.292;169193.5884;446645.1895;345025.3988;1054195.541;1287705.3;0.96868131;0.998252316;1.224629435;1.1248782;1.735150755;1.217983151;1.342479372
VT;44;2003;481847.3174;128251.9127;32059.3755;80054.84527;42684.85311;272230.2401;251703.53;0.88731272;1.204951406;1.13199203;1.188716239;1.515899472;0.805130857;1.397006736
WA;45;2003;1482952.131;3708054.051;233785.0735;493019.7863;387642.5905;1671668.095;1672276.635;1.086269653;1.115762421;1.511957012;1.114700708;1.364315316;1.10796195;1.570871899
WI;46;2003;4650800.246;2958548.809;272296.3749;1243008.296;602373.6736;2257961.009;3147808.691;0.924490036;0.858687989;1.332752864;1.162378543;1.172024123;1.705597751;1.152516616
WV;47;2003;313291.021;173297.0708;40473.0473;119753.4098;128936.5425;481663.124;293667.5039;0.968726825;0.885025967;0.947454249;1.100231687;0.889036936;0.680546897;1.151449786
WY;48;2003;516680.9774;315607.0512;84559.3375;148629.9191;887872.1483;377566.1991;568642.9369;1.531465957;1.077778021;0.99249036;1.139936301;0.33291471;0.92468271;1.371052008
AL;1;2004;2654170.249;948671.298;332967.4329;404030.6835;304021.9367;766432.8827;1956357.27;1.263578712;0.974236664;1.053136613;1.080399791;0.950895558;1.040049647;1.132412338
AR;2;2004;3534948.501;3042396.125;345625.9957;554930.7141;525247.5178;1200556.816;2677040.223;1.197392478;0.943420874;1.143368832;1.079117665;0.889595184;1.181668485;1.37627631
AZ;3;2004;1028528.157;1413639.994;138575.0877;141193.3067;432299.201;518276.417;897424.9611;1.410889056;1.285306674;1.439936285;1.12091961;0.518624046;1.115708677;1.55795451
CA;4;2004;8497604.239;19150237.25;1894403.882;1236857.581;1630006.892;6469943.068;8481131.422;1.055332839;1.250304782;1.434071932;1.141340958;1.397167402;1.015413361;1.604050732
CO;5;2004;2473840.826;1650011.65;385082.3484;443528.7031;718324.8867;833018.5792;2352578.965;1.681888673;0.99002555;0.983194183;1.101827143;0.775053819;0.991390559;1.594081312
CT;6;2004;175863.7643;258726.7309;26830.10829;52963.76937;28835.50388;201993.2847;138786.3009;1.027590401;1.426066274;1.591607441;1.154563243;2.647353732;1.249791916;1.702884174
DE;7;2004;638813.1733;213837.2793;59348.85113;44892.9264;27483.87657;80366.58324;447396.2552;1.160872895;1.041319755;1.235036271;1.126301848;1.858157899;1.406261793;1.333007312
FL;8;2004;1187189.175;5019090.27;364861.3729;397277.8064;487206.4243;1835233.875;1813550.265;1.241542623;1.132500243;1.38597374;1.102147513;1.433850754;1.029972552;1.466399734
GA;9;2004;3629647.85;2126827.661;535828.8804;484750.975;377297.5106;1090596.619;2437009.566;1.114153823;1.053506214;1.097090379;1.094895581;1.204435247;0.937447313;1.370132169
IA;10;2004;6769747.503;10315344.83;284210.8785;1661869.98;1098478.311;2296282.624;6659486.128;1.10387796;0.982175337;1.287725664;1.065211697;1.404392809;2.004275289;1.344254602
ID;11;2004;2112931.835;2277105.085;151849.3995;378455.6327;376927.4365;1040614.357;1542675.182;1.236179755;0.996268392;1.099673449;1.102306925;0.930562306;0.86025293;1.487658601
IL;12;2004;1658821.799;9919285.221;377844.4488;1356232.819;1159787.839;1820582.681;3805367.49;1.211536974;0.942342361;1.427643088;1.068695095;1.472693799;1.234067495;1.395350666
IN;13;2004;2153564.882;5078898.556;178114.7558;822924.5458;609129.0228;1470986.859;2567036.988;0.978140235;0.984338062;1.359139786;1.100176414;1.395333336;1.446325588;1.307289037
KS;14;2004;4370024.132;4620421.091;720975.739;983390.5742;1555237.556;2093495.634;4983300.781;1.463143168;0.896288728;0.957577274;1.04824965;0.523849961;1.568701006;1.500688129
KY;15;2004;1973397.419;1831791.099;414507.8093;724843.5568;527913.9092;1458890.963;2179711.034;1.367339375;1.056496471;1.170422265;1.088980486;1.01803586;0.982458754;1.210580544
LA;16;2004;797478.0113;1183173.756;136102.1336;299806.9301;239563.524;643232.7487;1102856.021;1.114780763;0.946532575;1.157916307;1.084580335;1.145708854;1.203801775;1.138877704
MA;17;2004;85892.15649;283565.4187;38638.32994;63136.72789;28169.1836;160356.5427;112789.7857;1.153293044;1.306764382;1.990574366;1.148412752;3.385399449;1.620525239;1.855671304
MD;18;2004;891549.7822;738822.8828;111521.3161;179489.2037;130174.7953;413329.1209;696220.4003;1.138967201;1.116939296;1.443572829;1.145287111;1.361860243;1.567064439;1.510574873
ME;19;2004;323789.5728;201797.1075;29259.78865;71463.05221;36416.97211;215355.4964;194111.6527;1.059475293;1.272759337;1.321599219;1.117415996;1.444960684;1.039258139;1.572521081
MI;20;2004;1672583.043;3259890.268;225535.0892;697690.6525;457633.5163;1702515.689;2168009.647;1.053692521;0.987094001;1.29096746;1.117322505;1.195839221;0.860743618;1.305467668
MN;21;2004;4549682.486;6730527.572;356281.6442;1392243.041;1006185.477;2141629.318;5349352.647;1.088692982;0.940966493;1.305422708;1.087207516;0.906959003;1.617979638;1.23837286
MO;22;2004;2504684.879;4329128.472;360228.1351;896306.4192;960653.2227;2678579.65;2930826.862;1.248921258;0.906544175;1.105194452;1.087002225;1.048266025;0.903265909;1.189285406
MS;23;2004;2332635.214;1621579.881;459721.3013;403967.9491;397527.3498;728535.3432;2348734.025;1.180440195;0.932532865;0.856163934;1.07619821;0.817226509;0.980545944;1.06303454
MT;24;2004;735563.4232;1394595.342;256045.2906;430321.2011;1548662.219;873553.2863;878853.6243;1.677654203;0.982048802;0.930459332;1.08580285;0.390811821;0.895362593;1.385614447
NC;25;2004;4839096.906;3124506.338;600205.3663;570934.571;328434.2594;1340699.208;4046132.391;1.105248253;1.031366822;1.076606175;1.074208073;1.97782781;1.157180334;1.223637404
ND;26;2004;589712.7334;3701487.14;385598.2774;676889.6433;1219174.323;1226220.869;2065344.028;1.538563634;0.902693189;0.749514265;1.059791069;0.307930782;0.739207017;1.110109586
NE;27;2004;5145577.821;6525605.692;614564.9997;999697.3425;1550391.146;1943806.053;6007596.466;1.44425628;0.858051086;0.971373819;1.064684065;0.577663074;1.393749521;1.338180312
NH;28;2004;64678.01252;83524.4919;15455.44158;28309.33432;18798.4466;95912.69141;52391.99951;1.156101435;1.42162757;1.462164719;1.140258737;1.506703376;1.314432117;1.788530884
NJ;29;2004;197980.7295;624207.2099;51166.2808;101021.7797;111209.834;364120.7108;245101.9375;0.962266052;1.167754223;1.749016613;1.149541615;1.473217737;1.291877757;1.672438617
NM;30;2004;1517449.115;519644.7784;102628.5365;161637.7357;1224839.001;644092.1869;862700.0695;1.327373223;1.288760066;0.965912742;1.125152503;0.231777055;0.793752874;1.622282657
NV;31;2004;201275.5388;188305.9172;13061.01201;55441.49411;130468.5429;111417.7004;168507.7178;1.481260051;1.148839887;1.168479495;1.108520455;0.358832239;0.80478752;1.558403953
NY;32;2004;2272177.464;1597259.946;160897.8491;565241.2392;288346.2074;1386588.438;1518323.284;1.021122376;1.123360387;1.405885334;1.140911869;0.709537677;1.132223909;1.446603892
OH;33;2004;2092616.931;4036151.602;151933.5894;877032.8094;675974.9287;1615551.807;2537205.891;1.026711452;0.995769902;1.465588842;1.10422576;1.287198006;1.484721459;1.412926518
OK;34;2004;2609006.881;1644054.06;464269.1904;669249.0758;1100554.052;2060745.299;2542279.819;1.574510537;0.952680356;0.901444406;1.118449945;0.471869056;0.783788657;1.418273265
OR;35;2004;797562.1968;2593423.565;207157.634;415980.6;455569.7371;1376380.806;941096.6442;1.33044922;1.068678449;1.276636864;1.094803363;0.927759432;0.882065025;1.524457764
PA;36;2004;3001074.077;2040161.732;225491.0291;730987.8016;409174.5115;2286174.313;1993664.539;1.131399378;1.173916729;1.427169418;1.149402892;1.158601978;1.124405892;1.609533778
RI;37;2004;9100.681975;36548.37262;3873.997258;7502.470524;4552.588111;18189.34305;12916.77408;1.15091807;1.512772557;2.302531315;1.1451413;2.714956687;2.110527859;2.022488225
SC;38;2004;1014596.044;897591.1473;169835.1941;232071.8596;183527.7687;629278.0426;897900.1258;1.086457558;1.004779137;0.991137492;1.088004026;1.181700192;0.818871493;1.185363728
SD;39;2004;1656956.674;3795873.21;257158.1495;605684.6952;1286297.585;1243960.409;2632159.511;1.505060676;0.889763876;0.975814189;1.085903005;0.370213933;1.404079059;1.164694923
TN;40;2004;961946.8168;1706469.622;234670.6586;589514.7111;429318.6453;1486968.665;1675329.883;1.334571961;0.939949829;1.064736301;1.073566282;1.501992178;0.951694744;1.137406447
TX;41;2004;7605839.528;5954021.401;1900581.23;1873594.795;4500372.228;4953154.421;7160085.719;1.455194498;1.00638685;1.021616615;1.096586169;0.552986362;1.059562734;1.446630579
UT;42;2004;804138.1573;365168.2168;53053.31386;165002.3114;281879.041;407764.5347;515916.7405;1.255916469;1.148617971;1.015009775;1.089969264;0.799676662;0.717527402;1.437998319
VA;43;2004;1579904.518;1206862.425;236136.7778;447686.2221;341660.3036;1034521.033;1485338.624;1.181496345;1.050737387;1.238447869;1.105042417;1.563330849;1.273949305;1.361548114
VT;44;2004;454615.3113;123817.5252;38694.60805;80495.37223;42057.07107;251392.0693;230890.8597;1.081302145;1.251135682;1.234191731;1.153962714;1.350206261;0.949340191;1.493855725
WA;45;2004;1344787.433;3837437.993;255511.2664;504185.3143;383825.8064;1765067.879;1739811.851;1.30584342;1.101928282;1.542154146;1.097254378;1.152074021;1.135918808;1.627475017
WI;46;2004;4605413.29;2945248.229;285270.2529;1222876.896;595936.0944;2238571.826;3556121.336;1.117465268;0.952492127;1.377940718;1.139810425;1.076585454;1.766028837;1.243028174
WV;47;2004;317156.9651;178306.0051;46309.84592;119291.8304;126769.1006;462661.9384;305106.0417;1.166457003;0.903488522;1.020394493;1.083435511;0.779390946;0.973067431;1.203481679
WY;48;2004;512008.8727;290957.9071;67236.8187;148357.3439;880245.0974;378100.249;546631.3298;1.772301231;0.969448121;0.897726961;1.118349162;0.296205995;0.769295543;1.349594351
